"Setting","Outcome","Time","Estimate","SE","CI_Lower","CI_Upper","Significant","Percent_Change"
"L1 Full Subset","Commits",-6,0.0551605346635314,0.167155225084744,-0.272463706502568,0.38278477582963,FALSE,5.67102396825609
"L1 Full Subset","Commits",-5,-0.162444579077347,0.11205431117969,-0.382071028989539,0.0571818708348449,FALSE,-14.9936799793184
"L1 Full Subset","Commits",-4,-0.0105547266915756,0.0910662414544489,-0.189044559942295,0.167935106559144,FALSE,-1.04992210178557
"L1 Full Subset","Commits",-3,0.0272599466542232,0.0952275917086536,-0.159386133094738,0.213906026403184,FALSE,2.76348983002659
"L1 Full Subset","Commits",-2,-0.0307100045501373,0.0771251046259101,-0.181875209616921,0.120455200516647,FALSE,-3.02432426499195
"L1 Full Subset","Commits",0,0.897277633150962,0.0910707058533362,0.718779049678423,1.0757762166235,TRUE,145.291627532528
"L1 Full Subset","Commits",1,0.489448230994556,0.0934836788021347,0.306220220542372,0.67267624144674,TRUE,63.1415806890979
"L1 Full Subset","Commits",2,0.193163156605936,0.0940443219169425,0.00883628564872815,0.377490027563143,TRUE,21.3080699503503
"L1 Full Subset","Commits",3,0.0486946834491539,0.0997810557671453,-0.146876185854451,0.244265552752759,FALSE,4.98997500297538
"L1 Full Subset","Commits",4,0.0369819639664976,0.0949951889968944,-0.149208606467415,0.223172534400411,FALSE,3.7674305140847
"L1 Full Subset","Commits",5,0.0934167944280296,0.110113011075824,-0.122404707280586,0.309238296136645,FALSE,9.79192465417691
"L1 Full Subset","Commits",6,-0.121736576300912,0.12456795994945,-0.365889777801834,0.122416625200009,FALSE,-11.4618431726076
"L1 Full Subset","Lines Added",-6,0.545688384731108,0.39293426363385,-0.224462771991237,1.31583954145345,FALSE,72.5795985170922
"L1 Full Subset","Lines Added",-5,-0.142289820778397,0.307394272291225,-0.744782594469199,0.460202952912404,FALSE,-13.2630161747121
"L1 Full Subset","Lines Added",-4,0.476703209785081,0.219341226926225,0.0467944050096794,0.906612014560483,TRUE,61.0755316689367
"L1 Full Subset","Lines Added",-3,0.417941579258745,0.209464227041979,0.00739169425646669,0.828491464261022,TRUE,51.8831940522508
"L1 Full Subset","Lines Added",-2,0.0441127649081233,0.19364446033318,-0.335430377344909,0.423655907161156,FALSE,4.51001988718913
"L1 Full Subset","Lines Added",0,1.31597981286962,0.198704560897296,0.926518873510921,1.70544075222832,TRUE,272.84023327292
"L1 Full Subset","Lines Added",1,0.531418315633572,0.228123283434162,0.0842966801026148,0.97853995116453,TRUE,70.1343640482863
"L1 Full Subset","Lines Added",2,0.180561741496617,0.234243212027041,-0.278554954076383,0.639678437069617,FALSE,19.7890078723591
"L1 Full Subset","Lines Added",3,0.149676975029945,0.245435105208251,-0.331375831178227,0.630729781238116,FALSE,16.1459001866164
"L1 Full Subset","Lines Added",4,0.221415397626392,0.223127015865327,-0.215913553469648,0.658744348722433,FALSE,24.7841673387432
"L1 Full Subset","Lines Added",5,0.158114348173624,0.282328365208485,-0.395249247635006,0.711477943982254,FALSE,17.1300123080131
"L1 Full Subset","Lines Added",6,0.00526610960949793,0.397232968959145,-0.773310509550426,0.783842728769422,FALSE,0.52799999366655
"L1 Full Subset","Duplicated Lines Density",-6,0.23946578685489,0.17882187568839,-0.111025089494353,0.589956663204134,FALSE,27.057021367918
"L1 Full Subset","Duplicated Lines Density",-5,0.0438721707392299,0.0984308971246262,-0.149052387625037,0.236796729103497,FALSE,4.48487841038099
"L1 Full Subset","Duplicated Lines Density",-4,0.0020662180383797,0.0570261613227376,-0.109705058154186,0.113837494230945,FALSE,0.206835413783324
"L1 Full Subset","Duplicated Lines Density",-3,0.00328383069780852,0.0551933393245182,-0.104895114378247,0.111462775773864,FALSE,0.328922837657175
"L1 Full Subset","Duplicated Lines Density",-2,0.0685506873044339,0.0483379274468503,-0.0261916504913927,0.163293025100261,FALSE,7.09549073926785
"L1 Full Subset","Duplicated Lines Density",0,0.123055911264434,0.0566559939833569,0.0120101630570548,0.234101659471814,TRUE,13.0947651893038
"L1 Full Subset","Duplicated Lines Density",1,0.0769820725776143,0.0630331553982675,-0.0465629120029899,0.200527057158219,FALSE,8.00227141956602
"L1 Full Subset","Duplicated Lines Density",2,0.161839789831468,0.0725059449640209,0.0197281377019867,0.303951441960949,TRUE,17.5671871643339
"L1 Full Subset","Duplicated Lines Density",3,0.146184679130008,0.0795498557352883,-0.00973303811115667,0.302102396371174,FALSE,15.7409917771157
"L1 Full Subset","Duplicated Lines Density",4,0.208839688859934,0.0847041335777824,0.0428195870474809,0.374859790672388,TRUE,23.2247439703336
"L1 Full Subset","Duplicated Lines Density",5,0.162123881454919,0.0960059721922405,-0.0260478240418723,0.35029558695171,FALSE,17.6005917621586
"L1 Full Subset","Duplicated Lines Density",6,0.0472927387137664,0.118808014835758,-0.18557097036432,0.280156447791852,FALSE,4.84288798827546
"L1 Full Subset","% Comment Lines",-6,0.0272131364416647,0.0594226453029935,-0.0892552483522026,0.143681521235532,FALSE,2.75867956181011
"L1 Full Subset","% Comment Lines",-5,0.0283731876401087,0.0834418548106987,-0.135172847788861,0.191919223069078,FALSE,2.87795406007281
"L1 Full Subset","% Comment Lines",-4,0.018130104317922,0.0596300188046044,-0.0987447325391027,0.135004941174947,FALSE,1.82954524070345
"L1 Full Subset","% Comment Lines",-3,0.0607386912346085,0.0541882921617268,-0.0454703614023761,0.166947743871593,FALSE,6.26212056696083
"L1 Full Subset","% Comment Lines",-2,0.0477039511555573,0.0430780767754619,-0.036729079324348,0.132136981635463,FALSE,4.88600955370397
"L1 Full Subset","% Comment Lines",0,0.0567343362189908,0.0373805571122683,-0.0165315557210551,0.130000228159037,FALSE,5.83746012453201
"L1 Full Subset","% Comment Lines",1,0.0914679237174019,0.055256397829836,-0.0168346160290766,0.19977046346388,FALSE,9.57816275276666
"L1 Full Subset","% Comment Lines",2,0.0405344919050616,0.0457960171952646,-0.0492257017976569,0.13029468560778,FALSE,4.1367227822628
"L1 Full Subset","% Comment Lines",3,0.0361003028948963,0.0502254416979164,-0.0623415628330199,0.134542168622813,FALSE,3.67598312882389
"L1 Full Subset","% Comment Lines",4,0.115220443260499,0.0507653453823562,0.015720366311081,0.214720520209917,TRUE,12.2120774271237
"L1 Full Subset","% Comment Lines",5,0.139010517809383,0.0625999310746393,0.0163146529030897,0.261706382715676,TRUE,14.9136186335407
"L1 Full Subset","% Comment Lines",6,0.0323048436645844,0.0537135372543162,-0.0729736893538754,0.137583376683044,FALSE,3.28323097058087
"L1 Full Subset","Static Analysis Warnings",-6,0.356163269373515,0.248018262183868,-0.129952524506866,0.842279063253896,FALSE,42.7840651882698
"L1 Full Subset","Static Analysis Warnings",-5,0.203616637649088,0.114916601941068,-0.0216199021554044,0.428853177453581,FALSE,22.582812701416
"L1 Full Subset","Static Analysis Warnings",-4,0.158366079291241,0.0554205122768189,0.0497418752286762,0.266990283353806,TRUE,17.1595012884092
"L1 Full Subset","Static Analysis Warnings",-3,0.123499262360328,0.0524482739768808,0.0207006453656414,0.226297879355014,TRUE,13.1449169939976
"L1 Full Subset","Static Analysis Warnings",-2,0.108233733016593,0.0481161766095957,0.0139260268617854,0.202541439171401,TRUE,11.4308165559836
"L1 Full Subset","Static Analysis Warnings",0,0.146755650910903,0.0629776692123415,0.0233194192547135,0.270191882567092,TRUE,15.8070954871938
"L1 Full Subset","Static Analysis Warnings",1,0.10295787090876,0.0874387363538099,-0.0684220523447079,0.274337794162227,FALSE,10.844471032399
"L1 Full Subset","Static Analysis Warnings",2,0.137008323388056,0.0735325879153517,-0.00711554892603364,0.281132195702145,FALSE,14.6837694055837
"L1 Full Subset","Static Analysis Warnings",3,0.16381735401628,0.084678593227656,-0.00215268870992621,0.329787396742485,FALSE,17.7999138631265
"L1 Full Subset","Static Analysis Warnings",4,0.263395922786333,0.0892988838619942,0.0883701104168246,0.438421735155842,TRUE,30.1341847859736
"L1 Full Subset","Static Analysis Warnings",5,0.337316184319856,0.111077810207888,0.119603676312395,0.555028692327316,TRUE,40.1182025491789
"L1 Full Subset","Static Analysis Warnings",6,0.0535944616446364,0.120410527621747,-0.182410172493988,0.289599095783261,FALSE,5.50566494468943
"L1 Full Subset","Cognitive/Code Complexity",-6,0.168652413177526,0.0904929427246277,-0.00871375456274476,0.346018580917796,FALSE,18.370862588985
"L1 Full Subset","Cognitive/Code Complexity",-5,0.108082246727768,0.0719734651300594,-0.0329857449271482,0.249150238382685,FALSE,11.4139375936208
"L1 Full Subset","Cognitive/Code Complexity",-4,0.164019502246542,0.0766171215653595,0.0138499439784379,0.314189060514647,TRUE,17.8237293142836
"L1 Full Subset","Cognitive/Code Complexity",-3,0.0777904833344594,0.0703460634712679,-0.0600878010692256,0.215668767738144,FALSE,8.08961691830878
"L1 Full Subset","Cognitive/Code Complexity",-2,0.0823115249024065,0.0596240501298272,-0.0345516133520547,0.199174663156868,FALSE,8.57940090207727
"L1 Full Subset","Cognitive/Code Complexity",0,0.264080915610497,0.069417185985293,0.128023231079322,0.400138600141671,TRUE,30.2233563061693
"L1 Full Subset","Cognitive/Code Complexity",1,0.276955056706883,0.100267488772411,0.0804307787129571,0.473479334700809,TRUE,31.9107084686348
"L1 Full Subset","Cognitive/Code Complexity",2,0.328586057605031,0.0956762043333943,0.141060697111578,0.516111418098484,TRUE,38.9002769436554
"L1 Full Subset","Cognitive/Code Complexity",3,0.362366538641956,0.106260731305926,0.15409550528234,0.570637572001571,TRUE,43.6725460858982
"L1 Full Subset","Cognitive/Code Complexity",4,0.483581815657265,0.113327008025243,0.261460879927789,0.705702751386742,TRUE,62.1873261813407
"L1 Full Subset","Cognitive/Code Complexity",5,0.551997972910734,0.137515042720993,0.282468489177589,0.82152745664388,TRUE,73.6719472232358
"L1 Full Subset","Cognitive/Code Complexity",6,0.363419988940211,0.169479464121703,0.0312402392616723,0.695599738618749,TRUE,43.8239777212698
"L2 Full Subset","Commits",-6,0.273829180122908,0.180012642813874,-0.0789955997922855,0.626653960038102,FALSE,31.4990156595373
"L2 Full Subset","Commits",-5,0.0342460610008732,0.0991148962662188,-0.160019135680916,0.228511257682662,FALSE,3.48392089744947
"L2 Full Subset","Commits",-4,-0.00242366506148079,0.0722813817831888,-0.144095173356531,0.139247843233569,FALSE,-0.24207303567082
"L2 Full Subset","Commits",-3,-0.0776932181068293,0.0733057996390904,-0.221372585399447,0.0659861491857879,FALSE,-7.47517675875451
"L2 Full Subset","Commits",-2,-0.073544969682045,0.0653038762877476,-0.20154056720603,0.0544506278419403,FALSE,-7.09056362260644
"L2 Full Subset","Commits",0,0.518999226049545,0.0765209361449815,0.369018191205381,0.668980260893708,TRUE,68.0345162278338
"L2 Full Subset","Commits",1,0.406858717848215,0.0949300493951384,0.220795821033744,0.592921614662686,TRUE,50.2091871898042
"L2 Full Subset","Commits",2,0.333012558125937,0.0884181995496234,0.159712887008675,0.506312229243199,TRUE,39.5164819015291
"L2 Full Subset","Commits",3,0.287670672955946,0.0913033913971002,0.10871602581763,0.466625320094262,TRUE,33.3318134092185
"L2 Full Subset","Commits",4,0.191877523618631,0.096498069623206,0.00274130715714679,0.381013740080114,TRUE,21.152212503201
"L2 Full Subset","Commits",5,0.069633649529525,0.0976111531509598,-0.121684210646356,0.260951509705406,FALSE,7.21153393407292
"L2 Full Subset","Commits",6,0.030324530134157,0.125902733302156,-0.216444827138068,0.277093887406382,FALSE,3.07890017711707
"L2 Full Subset","Lines Added",-6,0.34349832666739,0.441683220000155,-0.522200784532915,1.20919743786769,FALSE,40.9871163297504
"L2 Full Subset","Lines Added",-5,-0.197687946737502,0.22803886875479,-0.64464412949689,0.249268236021886,FALSE,-17.9374107826212
"L2 Full Subset","Lines Added",-4,-0.152515617837428,0.168709550014467,-0.483186335865783,0.178155100190927,FALSE,-14.1454514772125
"L2 Full Subset","Lines Added",-3,-0.0819905123251698,0.189357207713022,-0.453130639442694,0.289149614792354,FALSE,-7.87193005334124
"L2 Full Subset","Lines Added",-2,-0.34730450877668,0.14128723689976,-0.62422749310021,-0.0703815244531499,TRUE,-29.3409867401963
"L2 Full Subset","Lines Added",0,0.608219115332173,0.152062336350002,0.310176936086169,0.906261294578178,TRUE,83.7156719499907
"L2 Full Subset","Lines Added",1,0.573342304688744,0.182102395443568,0.216421609619351,0.930262999758138,TRUE,77.4187026359668
"L2 Full Subset","Lines Added",2,0.547817251085577,0.196612565990621,0.162456621743959,0.933177880427195,TRUE,72.9473887670831
"L2 Full Subset","Lines Added",3,0.560906328955281,0.179787637419141,0.208522559613765,0.913290098296797,TRUE,75.2259904720969
"L2 Full Subset","Lines Added",4,0.231592272869031,0.205661272028845,-0.171503820307505,0.634688366045568,FALSE,26.0605640910404
"L2 Full Subset","Lines Added",5,0.502884776140058,0.228311870604785,0.0553935097546799,0.950376042525436,TRUE,65.3484329359282
"L2 Full Subset","Lines Added",6,0.322195661638235,0.322230113085072,-0.309375360008505,0.953766683284975,FALSE,38.0154792888202
"L2 Full Subset","Duplicated Lines Density",-6,0.00635166435900623,0.0537634454145238,-0.0990246886534605,0.111728017371473,FALSE,0.637187895518454
"L2 Full Subset","Duplicated Lines Density",-5,0.0258535358171831,0.0500272021483176,-0.0721997803935194,0.123906852027886,FALSE,2.61906372930032
"L2 Full Subset","Duplicated Lines Density",-4,0.0194733084447223,0.038677851375425,-0.0563352802511107,0.0952818971405553,FALSE,1.96641500754045
"L2 Full Subset","Duplicated Lines Density",-3,0.00818366845532862,0.039940710534347,-0.0701001241919915,0.0864674611026487,FALSE,0.821724620390896
"L2 Full Subset","Duplicated Lines Density",-2,-0.0147339660046841,0.0361401247215986,-0.0855686104590174,0.0561006784496491,FALSE,-1.46259522685209
"L2 Full Subset","Duplicated Lines Density",0,0.016434294977872,0.0382779733664093,-0.0585905328202901,0.0914591227760342,FALSE,1.65700808320091
"L2 Full Subset","Duplicated Lines Density",1,0.0123010048424858,0.0421511317632719,-0.0703152134135271,0.0949172230984987,FALSE,1.23769733794286
"L2 Full Subset","Duplicated Lines Density",2,0.005855484392559,0.0440460053590484,-0.0804746861111759,0.0921856548962939,FALSE,0.587266125120478
"L2 Full Subset","Duplicated Lines Density",3,0.0300003533417901,0.0460626011057232,-0.0602823448254273,0.120283051509008,FALSE,3.04548980562309
"L2 Full Subset","Duplicated Lines Density",4,0.0435443208402543,0.0487157947008213,-0.0519386367733554,0.139027278453864,FALSE,4.45062866824368
"L2 Full Subset","Duplicated Lines Density",5,0.028085776976529,0.0506296456395934,-0.0711483284770742,0.127319882430132,FALSE,2.84839008773266
"L2 Full Subset","Duplicated Lines Density",6,0.0584828144278253,0.0700608703729442,-0.0788364915031454,0.195802120358796,FALSE,6.02267649344403
"L2 Full Subset","% Comment Lines",-6,0.00032915466901236,0.0497742566624369,-0.0972283883893639,0.0978866977273886,FALSE,0.0329208846354456
"L2 Full Subset","% Comment Lines",-5,-0.0132706596533521,0.0233021613875958,-0.0589428959730398,0.0324015766663357,FALSE,-1.31829926775505
"L2 Full Subset","% Comment Lines",-4,-0.00658663177323669,0.0232747733979189,-0.0522051876331577,0.0390319240866843,FALSE,-0.656498746128831
"L2 Full Subset","% Comment Lines",-3,0.0198247745567226,0.0197345194414594,-0.0188548835485378,0.058504432661983,FALSE,2.00225904559113
"L2 Full Subset","% Comment Lines",-2,0.00766084097401145,0.0200642195061645,-0.031665029258071,0.0469867112060939,FALSE,0.769026029381803
"L2 Full Subset","% Comment Lines",0,0.0451199928717506,0.0239308432936736,-0.00178445998384964,0.0920244457273509,FALSE,4.61533833263656
"L2 Full Subset","% Comment Lines",1,0.0516829729885312,0.0270978883113564,-0.00142888810172734,0.10479483407879,FALSE,5.3041846879526
"L2 Full Subset","% Comment Lines",2,0.0616009339650578,0.0285164633162952,0.00570866586511916,0.117493202064996,TRUE,6.35378382024969
"L2 Full Subset","% Comment Lines",3,0.0648109692838945,0.0327015609687712,0.000715909785102831,0.128906028782686,TRUE,6.6957317614603
"L2 Full Subset","% Comment Lines",4,0.0703646896808042,0.0366827159342524,-0.00153343355033052,0.142262812911939,FALSE,7.28993852501925
"L2 Full Subset","% Comment Lines",5,0.0766658684922505,0.0405520142313178,-0.00281607940113243,0.156147816385633,FALSE,7.96812605885036
"L2 Full Subset","% Comment Lines",6,0.111422703825426,0.0549536278001436,0.00371359333714477,0.219131814313708,TRUE,11.7867333797401
"L2 Full Subset","Static Analysis Warnings",-6,-0.13934411751688,0.123347610119261,-0.381105433350632,0.102417198316873,FALSE,-13.0071380731092
"L2 Full Subset","Static Analysis Warnings",-5,0.0545390826063424,0.0435976304233908,-0.0309122730235035,0.139990438236188,FALSE,5.60537489401469
"L2 Full Subset","Static Analysis Warnings",-4,-0.0190340639097145,0.0398811008022695,-0.0972010214821628,0.0591328936627338,FALSE,-1.88540599931539
"L2 Full Subset","Static Analysis Warnings",-3,0.0241123540732422,0.0415606813182208,-0.0573465813104706,0.105571289456955,FALSE,2.44054075452937
"L2 Full Subset","Static Analysis Warnings",-2,0.0410990812071874,0.0414253616909861,-0.0400946277071454,0.12229279012152,FALSE,4.19553386239524
"L2 Full Subset","Static Analysis Warnings",0,0.0737775783787619,0.0400011337213677,-0.00462464371511871,0.152179800472643,FALSE,7.65673270143645
"L2 Full Subset","Static Analysis Warnings",1,0.100522094160805,0.0511587718621947,0.000250901310903384,0.200793287010707,TRUE,10.5748072009906
"L2 Full Subset","Static Analysis Warnings",2,0.0870440872652949,0.0571102554225878,-0.0248920133629772,0.198980187893567,FALSE,9.09447754298023
"L2 Full Subset","Static Analysis Warnings",3,0.123088858069197,0.0613370034623587,0.00286833128297381,0.24330938485542,TRUE,13.0984913618346
"L2 Full Subset","Static Analysis Warnings",4,0.161266040375529,0.0602282088678622,0.0432187509945193,0.279313329756539,TRUE,17.4997524018412
"L2 Full Subset","Static Analysis Warnings",5,0.179908514924231,0.0646672218541075,0.0531607600901806,0.306656269758282,TRUE,19.7107840610547
"L2 Full Subset","Static Analysis Warnings",6,0.146368499820276,0.0893647833141974,-0.028786475475551,0.321523475116103,FALSE,15.7622693216829
"L2 Full Subset","Cognitive/Code Complexity",-6,-0.155398325522567,0.101861050106067,-0.355045983730459,0.044249332685325,FALSE,-14.3925886607716
"L2 Full Subset","Cognitive/Code Complexity",-5,0.025412802622356,0.0593412970196322,-0.0908961395361231,0.141721744780835,FALSE,2.57384606668714
"L2 Full Subset","Cognitive/Code Complexity",-4,-0.00957918357954493,0.0530721634271712,-0.1136006238968,0.0944422567377105,FALSE,-0.953344934921363
"L2 Full Subset","Cognitive/Code Complexity",-3,0.0786229078895597,0.0621573820131568,-0.0432055608562276,0.200451376635347,FALSE,8.17963082928008
"L2 Full Subset","Cognitive/Code Complexity",-2,0.0619379175745488,0.0478142220758405,-0.0317779576940986,0.155653792843196,FALSE,6.38962934154181
"L2 Full Subset","Cognitive/Code Complexity",0,0.149924437905191,0.0518435888608434,0.0483110037379376,0.251537872072444,TRUE,16.174645541582
"L2 Full Subset","Cognitive/Code Complexity",1,0.270374951214546,0.0749490004242398,0.123474910383036,0.417274992046056,TRUE,31.0455715589483
"L2 Full Subset","Cognitive/Code Complexity",2,0.287516595542186,0.083712042105867,0.123440993014686,0.451592198069685,TRUE,33.3112715707938
"L2 Full Subset","Cognitive/Code Complexity",3,0.33223179671312,0.0871956438917131,0.161328334685362,0.503135258740877,TRUE,39.4075953287569
"L2 Full Subset","Cognitive/Code Complexity",4,0.427739630516315,0.0874329461022933,0.25637105615582,0.599108204876809,TRUE,53.3786677728265
"L2 Full Subset","Cognitive/Code Complexity",5,0.43417435450724,0.0955748042593527,0.246847738158909,0.621500970855572,TRUE,54.3687993613643
"L2 Full Subset","Cognitive/Code Complexity",6,0.336476216885221,0.1169176061811,0.107317708770265,0.565634725000177,TRUE,40.0005572380701
"L12 Full Subset","Commits",-6,0.163474563584976,0.125803236928935,-0.0830997807957358,0.410048907965688,FALSE,17.759540100111
"L12 Full Subset","Commits",-5,-0.0442571656355191,0.0759208721072677,-0.193062074965764,0.104547743694726,FALSE,-4.32921065586267
"L12 Full Subset","Commits",-4,0.00716410137177965,0.0575696476404322,-0.105672408003468,0.120000610747027,FALSE,0.718982493806664
"L12 Full Subset","Commits",-3,-0.0296036686559518,0.058628187933989,-0.14451491700657,0.0853075796946666,FALSE,-2.91697722407037
"L12 Full Subset","Commits",-2,-0.0565259835242628,0.0502198484725771,-0.154956886530514,0.0419049194819884,FALSE,-5.49580713437581
"L12 Full Subset","Commits",0,0.691164870320873,0.0608138873174069,0.571969651178755,0.81036008946299,TRUE,99.6039306480494
"L12 Full Subset","Commits",1,0.45052159508948,0.0699844317872006,0.313352108786567,0.587691081392393,TRUE,56.9130422800623
"L12 Full Subset","Commits",2,0.260402257869514,0.0671256675515443,0.128835949468487,0.39196856627054,TRUE,29.7451891942446
"L12 Full Subset","Commits",3,0.167870319650139,0.0695974204581885,0.0314593755520892,0.304281263748188,TRUE,18.2783216960567
"L12 Full Subset","Commits",4,0.0919242060389692,0.0707649030755411,-0.0467750039890914,0.23062341606703,FALSE,9.6281727397294
"L12 Full Subset","Commits",5,0.047700049732736,0.0733159663797134,-0.0959992443715023,0.191399343836974,FALSE,4.88560034983092
"L12 Full Subset","Commits",6,-0.0862721684031266,0.0911270015892709,-0.264881091518098,0.0923367547118444,FALSE,-8.26554749538716
"L12 Full Subset","Lines Added",-6,0.465665400280205,0.301079356282947,-0.12445013803437,1.05578093859478,FALSE,59.3073868090799
"L12 Full Subset","Lines Added",-5,-0.148135383823641,0.188909753740635,-0.518398501155285,0.222127733508003,FALSE,-13.7685636376624
"L12 Full Subset","Lines Added",-4,0.12847172205368,0.136163804801997,-0.138409335358233,0.395352779465594,FALSE,13.7089266287346
"L12 Full Subset","Lines Added",-3,0.136586267971945,0.142959160009138,-0.143613685645965,0.416786221589855,FALSE,14.6353767124836
"L12 Full Subset","Lines Added",-2,-0.17230267073644,0.117987683098666,-0.403558529609825,0.0589531881369456,FALSE,-15.8275630725124
"L12 Full Subset","Lines Added",0,0.964943862153294,0.126947752201267,0.71612626783881,1.21376145646778,TRUE,162.464031068336
"L12 Full Subset","Lines Added",1,0.583261970598962,0.142479798505035,0.304001565529093,0.86252237566883,TRUE,79.1873948068379
"L12 Full Subset","Lines Added",2,0.347777224687753,0.155886524419299,0.0422396368259277,0.653314812549578,TRUE,41.5916783298746
"L12 Full Subset","Lines Added",3,0.331951862989737,0.150413167046651,0.0371420555783004,0.626761670401174,TRUE,39.36857590321
"L12 Full Subset","Lines Added",4,0.190818468713399,0.155464063764766,-0.113891096265543,0.495528033692341,FALSE,21.0239735762882
"L12 Full Subset","Lines Added",5,0.341573855828631,0.180268003975057,-0.0117514319624803,0.694899143619742,FALSE,40.7160516474306
"L12 Full Subset","Lines Added",6,0.113897398744284,0.256166917619863,-0.388189759790648,0.615984557279217,FALSE,12.0637140207681
"L12 Full Subset","Duplicated Lines Density",-6,0.127003421226754,0.0983922873640632,-0.0658454620068103,0.319852304460317,FALSE,13.5420902307209
"L12 Full Subset","Duplicated Lines Density",-5,0.0318041820642508,0.0528166867250016,-0.0717165239167523,0.135324888045254,FALSE,3.23153396530809
"L12 Full Subset","Duplicated Lines Density",-4,0.0111008921337372,0.0334945121179792,-0.054548351617502,0.0767501358849763,FALSE,1.11627356644239
"L12 Full Subset","Duplicated Lines Density",-3,0.00345249869432893,0.0337568125301763,-0.0627108538648166,0.0696158512534745,FALSE,0.34584654326888
"L12 Full Subset","Duplicated Lines Density",-2,0.0199710261812414,0.0303081804856668,-0.0394330075706655,0.0793750599331483,FALSE,2.0171781326249
"L12 Full Subset","Duplicated Lines Density",0,0.0694026977090318,0.0340901681392725,0.00258596815605769,0.136219427262006,TRUE,7.18677609417713
"L12 Full Subset","Duplicated Lines Density",1,0.0313452317451946,0.0364621421993257,-0.0401205669654838,0.102811030455873,FALSE,3.18416669030248
"L12 Full Subset","Duplicated Lines Density",2,0.0674449561808513,0.0421228181267135,-0.0151157673475072,0.15000567970921,FALSE,6.97713736752408
"L12 Full Subset","Duplicated Lines Density",3,0.0729336720734862,0.0446964793033468,-0.0146714273610736,0.160538771508046,FALSE,7.56591883049311
"L12 Full Subset","Duplicated Lines Density",4,0.108568004384692,0.0488027541538369,0.0129146062431714,0.204221402526212,TRUE,11.4680709136678
"L12 Full Subset","Duplicated Lines Density",5,0.0704850230596796,0.0523003268751585,-0.0320236176156311,0.17299366373499,FALSE,7.30284986265815
"L12 Full Subset","Duplicated Lines Density",6,0.0436566722612325,0.0662345618167572,-0.0861630688996116,0.173476413422077,FALSE,4.4623645040532
"L12 Full Subset","% Comment Lines",-6,0.0155658512344273,0.0401685546715498,-0.0631645159218104,0.094296218390665,FALSE,1.56876301403901
"L12 Full Subset","% Comment Lines",-5,0.00455812065179248,0.0407463703266326,-0.0753047651884075,0.0844210064919925,FALSE,0.456852468533775
"L12 Full Subset","% Comment Lines",-4,-0.000458156568929317,0.0286680807827504,-0.0566475949031202,0.0557312817652616,FALSE,-0.0458051631235024
"L12 Full Subset","% Comment Lines",-3,0.0340787909281389,0.0255206515847618,-0.0159416861779941,0.084099268034272,FALSE,3.46661258209606
"L12 Full Subset","% Comment Lines",-2,0.02318980633471,0.0224449223716795,-0.0208022415137818,0.0671818541832019,FALSE,2.34607804520142
"L12 Full Subset","% Comment Lines",0,0.0404381426501848,0.0228760571691855,-0.0043989294014188,0.0852752147017885,FALSE,4.12668976996182
"L12 Full Subset","% Comment Lines",1,0.0434042137239795,0.0270155666322798,-0.00954629687528885,0.0963547243232479,FALSE,4.43599541700315
"L12 Full Subset","% Comment Lines",2,0.0419059317440747,0.0282668049968522,-0.0134970060497556,0.0973088695379051,FALSE,4.27963801000899
"L12 Full Subset","% Comment Lines",3,0.0425356188908404,0.0318526155686985,-0.0198955076238087,0.10496674540549,FALSE,4.34532223581929
"L12 Full Subset","% Comment Lines",4,0.08170823015809,0.0347168059297007,0.0136632905358766,0.149753169780303,TRUE,8.51391527572531
"L12 Full Subset","% Comment Lines",5,0.0898447038595241,0.0393645006838773,0.0126902825191247,0.166999125199924,TRUE,9.40043758553011
"L12 Full Subset","% Comment Lines",6,0.0751728397937227,0.0433991760268022,-0.00988954521880968,0.160235224806255,FALSE,7.8070468259992
"L12 Full Subset","Static Analysis Warnings",-6,0.108552148768867,0.147741433775219,-0.181021061430563,0.398125358968297,FALSE,11.4663035327702
"L12 Full Subset","Static Analysis Warnings",-5,0.113112038288788,0.0581801950549284,-0.000921144018871792,0.227145220596447,FALSE,11.9757381621822
"L12 Full Subset","Static Analysis Warnings",-4,0.0459018428644957,0.034612803179236,-0.0219392513668069,0.113742937095798,FALSE,4.69716381761212
"L12 Full Subset","Static Analysis Warnings",-3,0.0508894893435176,0.0336235783121125,-0.0150127241482228,0.116791702835258,FALSE,5.22066068150011
"L12 Full Subset","Static Analysis Warnings",-2,0.0589359597191252,0.031734583949589,-0.00326382482206932,0.12113574426032,FALSE,6.07073105709537
"L12 Full Subset","Static Analysis Warnings",0,0.112740665939808,0.0382676241666369,0.0377361225731997,0.187745209306416,TRUE,11.9341611900189
"L12 Full Subset","Static Analysis Warnings",1,0.127326416647118,0.0444668432113849,0.0401714039528039,0.214481429341433,TRUE,13.5787697292202
"L12 Full Subset","Static Analysis Warnings",2,0.11707058313593,0.0492910023886748,0.0204602184541276,0.213680947817733,TRUE,12.419877636528
"L12 Full Subset","Static Analysis Warnings",3,0.148262393399672,0.0564585381193567,0.0376036586857328,0.258921128113611,TRUE,15.9817184813709
"L12 Full Subset","Static Analysis Warnings",4,0.210909177213438,0.059013525870867,0.0952426665065386,0.326575687920337,TRUE,23.4800201973253
"L12 Full Subset","Static Analysis Warnings",5,0.256718719934407,0.0659171188043341,0.127521167077913,0.385916272790902,TRUE,29.2681470088368
"L12 Full Subset","Static Analysis Warnings",6,0.107227100018563,0.0771366485345665,-0.0439607311091877,0.258414931146313,FALSE,11.3187030570818
"L12 Full Subset","Cognitive/Code Complexity",-6,0.0040935665954142,0.0737252255789833,-0.140407875539393,0.148595008730221,FALSE,0.410195668370505
"L12 Full Subset","Cognitive/Code Complexity",-5,0.0554918920671808,0.0494140572258496,-0.0413596600954845,0.152343444229846,FALSE,5.70604464625921
"L12 Full Subset","Cognitive/Code Complexity",-4,0.0540056440333003,0.0477510042843065,-0.0395863243639406,0.147597612430541,FALSE,5.54905593621338
"L12 Full Subset","Cognitive/Code Complexity",-3,0.0588196182922349,0.048719224044034,-0.0366700608340718,0.154309297418542,FALSE,6.05839135471611
"L12 Full Subset","Cognitive/Code Complexity",-2,0.0525451239731616,0.0382487728858229,-0.0224224708830513,0.127512718829374,FALSE,5.39501194224437
"L12 Full Subset","Cognitive/Code Complexity",0,0.198860023395381,0.0439203249987938,0.112776186397746,0.284943860393017,TRUE,22.0011180924498
"L12 Full Subset","Cognitive/Code Complexity",1,0.285517470890818,0.0589347506071652,0.170005359700774,0.401029582080862,TRUE,33.0450319332716
"L12 Full Subset","Cognitive/Code Complexity",2,0.30050487656832,0.0672183012502302,0.168757006117869,0.432252747018771,TRUE,35.0540491727186
"L12 Full Subset","Cognitive/Code Complexity",3,0.344501516600274,0.0725561126615685,0.2022915357836,0.486711497416948,TRUE,41.128624153263
"L12 Full Subset","Cognitive/Code Complexity",4,0.451345192582473,0.074345112603916,0.305628771878798,0.597061613286148,TRUE,57.0423287009801
"L12 Full Subset","Cognitive/Code Complexity",5,0.484184062469633,0.0829624897016141,0.321577582654469,0.646790542284796,TRUE,62.2850324002161
"L12 Full Subset","Cognitive/Code Complexity",6,0.339814183800999,0.0999661440449923,0.143880541472814,0.535747826129184,TRUE,40.4686552795794
"L3 Full Subset","Commits",-6,-0.0413887776663353,0.117591436253352,-0.271867992722905,0.189090437390234,FALSE,-4.05439576526602
"L3 Full Subset","Commits",-5,-0.101991961146015,0.191605142408425,-0.477538040266529,0.273554117974499,FALSE,-9.69631889792347
"L3 Full Subset","Commits",-4,-0.00150956931317445,0.115661245137372,-0.228205609782424,0.225186471156075,FALSE,-0.150843048653682
"L3 Full Subset","Commits",-3,-0.0332585638532904,0.155661686094401,-0.338355468598316,0.271838340891736,FALSE,-3.27115785694058
"L3 Full Subset","Commits",-2,-0.156721080622142,0.142653932201183,-0.43632278773646,0.122880626492176,FALSE,-14.5057514408599
"L3 Full Subset","Commits",0,-0.0153927834061584,0.11483212817807,-0.240463754635175,0.209678187822858,FALSE,-1.52749200390243
"L3 Full Subset","Commits",1,0.173133224463359,0.175266018197052,-0.170388171202863,0.516654620129581,FALSE,18.9024501683804
"L3 Full Subset","Commits",2,0.375495142288728,0.13473752395067,0.111409595345415,0.63958068923204,TRUE,45.5712020783885
"L3 Full Subset","Commits",3,0.17168114852155,0.147149116028017,-0.116731118893363,0.460093415936463,FALSE,18.7299200747832
"L3 Full Subset","Commits",4,0.307874315702906,0.166527393714542,-0.0185193759775957,0.634268007383408,FALSE,36.0529980936536
"L3 Full Subset","Commits",5,0.319664843965772,0.182845038805778,-0.0387114320935538,0.678041120025098,FALSE,37.666628899328
"L3 Full Subset","Commits",6,-0.018453539830583,0.217941425625157,-0.445618734055891,0.408711654394725,FALSE,-1.82843157907243
"L3 Full Subset","Lines Added",-6,0.344558691683367,0.744290525305631,-1.11425073791567,1.8033681212824,FALSE,41.1366934247542
"L3 Full Subset","Lines Added",-5,0.302389542930107,0.295759443332789,-0.27729896600216,0.882078051862374,FALSE,35.3088210007529
"L3 Full Subset","Lines Added",-4,-0.3909361042662,0.357001953242022,-1.09065993262056,0.308787724088163,FALSE,-32.3576624773567
"L3 Full Subset","Lines Added",-3,-0.39795735926056,0.2832726537408,-0.953171760592527,0.157257042071407,FALSE,-32.8309331561849
"L3 Full Subset","Lines Added",-2,-0.191322409728173,0.392916967555564,-0.961439666137078,0.578794846680732,FALSE,-17.4133722099172
"L3 Full Subset","Lines Added",0,0.00116298895439776,0.235274619325061,-0.459975264922722,0.462301242831518,FALSE,0.116366548829361
"L3 Full Subset","Lines Added",1,0.212067044479233,0.296522985365304,-0.369118006836763,0.793252095795228,FALSE,23.6230764747994
"L3 Full Subset","Lines Added",2,0.207133389969223,0.338323177419993,-0.455980037773962,0.870246817712409,FALSE,23.0146650061103
"L3 Full Subset","Lines Added",3,0.306240035367546,0.370981210831027,-0.420883137861268,1.03336320859636,FALSE,35.8308309454514
"L3 Full Subset","Lines Added",4,0.0432741298657343,0.361475524481678,-0.665217898118355,0.751766157849823,FALSE,4.42241086336435
"L3 Full Subset","Lines Added",5,0.0928899211518057,0.385104955538564,-0.661915791703781,0.847695634007392,FALSE,9.73409345932479
"L3 Full Subset","Lines Added",6,-0.344281078294435,0.423606490415361,-1.17454979950854,0.485987642919673,FALSE,-29.1270308482617
"L3 Full Subset","Duplicated Lines Density",-6,-0.193511898276856,0.145818263030103,-0.479315693815858,0.0922918972621464,FALSE,-17.5939968757618
"L3 Full Subset","Duplicated Lines Density",-5,-0.152476737919209,0.0778570460697323,-0.305076548215885,0.000123072377465783,FALSE,-14.1421133944955
"L3 Full Subset","Duplicated Lines Density",-4,-0.123929279264184,0.0684124866337293,-0.258017753066293,0.0101591945379256,FALSE,-11.6557683635767
"L3 Full Subset","Duplicated Lines Density",-3,-0.169492947972335,0.0983136694778844,-0.362187740148988,0.0232018442043185,FALSE,-15.5907292975504
"L3 Full Subset","Duplicated Lines Density",-2,-0.0253063361007677,0.0720282837055688,-0.166481772163682,0.115869099962147,FALSE,-2.49888148494086
"L3 Full Subset","Duplicated Lines Density",0,0.0191487092131981,0.0648533312659488,-0.107963820068062,0.146261238494458,FALSE,1.9333221588349
"L3 Full Subset","Duplicated Lines Density",1,0.0483304362774256,0.0721646749889469,-0.0931123267009102,0.189773199255761,FALSE,4.95173966550024
"L3 Full Subset","Duplicated Lines Density",2,0.0701533574159445,0.0857330207978895,-0.0978833633479188,0.238190078179808,FALSE,7.26726709500078
"L3 Full Subset","Duplicated Lines Density",3,0.112150855566732,0.0972354888419293,-0.078430702563449,0.302732413696914,FALSE,11.8681607264399
"L3 Full Subset","Duplicated Lines Density",4,0.0175297857827025,0.0959041606630957,-0.170442369116965,0.20550194068237,FALSE,1.7684334223764
"L3 Full Subset","Duplicated Lines Density",5,0.0403020476121156,0.103418961824407,-0.162399117563722,0.243003212787953,FALSE,4.11251960841976
"L3 Full Subset","Duplicated Lines Density",6,0.066044026653377,0.119637997210792,-0.168446447879776,0.30053450118653,FALSE,6.82737486487099
"L3 Full Subset","% Comment Lines",-6,-0.00646900657782371,0.0383227341700365,-0.0815815655510953,0.0686435523954479,FALSE,-0.644812760111113
"L3 Full Subset","% Comment Lines",-5,0.0111892482252159,0.0373467550595646,-0.0620103916915306,0.0843888881419624,FALSE,1.12520819986845
"L3 Full Subset","% Comment Lines",-4,0.0844937136331921,0.0498262850496444,-0.0131658050641109,0.182153232330495,FALSE,8.81660035998562
"L3 Full Subset","% Comment Lines",-3,0.0196603401768454,0.0841626283279174,-0.145298411345873,0.184619091699563,FALSE,1.98548774630578
"L3 Full Subset","% Comment Lines",-2,-0.0172968322891408,0.0576227730805299,-0.130237467526979,0.0956438029486978,FALSE,-1.7148100847736
"L3 Full Subset","% Comment Lines",0,0.0335864082912633,0.0470486507657705,-0.0586289472096469,0.125801763792174,FALSE,3.415679958763
"L3 Full Subset","% Comment Lines",1,0.0124158620274857,0.0565774569134999,-0.0984759535229741,0.123307677577946,FALSE,1.24932588267315
"L3 Full Subset","% Comment Lines",2,0.00284991361947241,0.0638315335222695,-0.122259892084176,0.127959719323121,FALSE,0.285397848387858
"L3 Full Subset","% Comment Lines",3,-0.0026840773074079,0.0696677484905802,-0.139232864348945,0.133864709734129,FALSE,-0.268047839255381
"L3 Full Subset","% Comment Lines",4,0.026551029012394,0.0716089979810689,-0.113802607030501,0.166904665055289,FALSE,2.6906647956759
"L3 Full Subset","% Comment Lines",5,0.037839257653053,0.0769778822869618,-0.113037391629392,0.188715906935498,FALSE,3.85642782009805
"L3 Full Subset","% Comment Lines",6,-0.0025208995566585,0.0790722540503738,-0.157502517495391,0.152460718382074,FALSE,-0.25177247577145
"L3 Full Subset","Static Analysis Warnings",-6,-0.149346634466313,0.28993563695022,-0.717620482888743,0.418927213956118,FALSE,-13.8729482896243
"L3 Full Subset","Static Analysis Warnings",-5,-0.072616861465083,0.114729481288495,-0.297486644790533,0.152252921860367,FALSE,-7.00429358349782
"L3 Full Subset","Static Analysis Warnings",-4,-0.033379847748431,0.110693293935011,-0.250338703861053,0.183579008364191,FALSE,-3.28288879628673
"L3 Full Subset","Static Analysis Warnings",-3,-0.0942320006783407,0.138020581645648,-0.364752340703811,0.176288339347129,FALSE,-8.99283994817762
"L3 Full Subset","Static Analysis Warnings",-2,0.105364374958306,0.111360162844091,-0.112901544216111,0.323630294132724,FALSE,11.111539923103
"L3 Full Subset","Static Analysis Warnings",0,0.100803938622378,0.125167369642319,-0.144524105876567,0.346131983121324,FALSE,10.6059764902292
"L3 Full Subset","Static Analysis Warnings",1,0.152141684526822,0.152625840062327,-0.147004961995339,0.451288331048984,FALSE,16.4325191609879
"L3 Full Subset","Static Analysis Warnings",2,0.112725951360981,0.171864380073848,-0.22412823358376,0.449580136305722,FALSE,11.9325141380985
"L3 Full Subset","Static Analysis Warnings",3,0.0731204228730022,0.206865619595518,-0.332336191534213,0.478577037280218,FALSE,7.58600872767918
"L3 Full Subset","Static Analysis Warnings",4,0.158695759598202,0.221320612885243,-0.275092641656873,0.592484160853278,FALSE,17.1981328364378
"L3 Full Subset","Static Analysis Warnings",5,0.258369051589528,0.211915056419843,-0.156984458993364,0.67372256217242,FALSE,29.4816584577358
"L3 Full Subset","Static Analysis Warnings",6,0.213429784847883,0.233699647365711,-0.24462152398891,0.671481093684676,FALSE,23.7916574715845
"L3 Full Subset","Cognitive/Code Complexity",-6,-0.288211994760061,0.257021869950771,-0.791974859863572,0.21555087034345,FALSE,-25.0397336443189
"L3 Full Subset","Cognitive/Code Complexity",-5,-0.134577106020485,0.11233269035203,-0.354749179110463,0.0855949670694937,FALSE,-12.5914520974713
"L3 Full Subset","Cognitive/Code Complexity",-4,0.0574886056962276,0.212554690684963,-0.3591185880463,0.474095799438755,FALSE,5.9173202044764
"L3 Full Subset","Cognitive/Code Complexity",-3,-0.141881348127524,0.199602113169377,-0.533101489939502,0.249338793684454,FALSE,-13.2275792519861
"L3 Full Subset","Cognitive/Code Complexity",-2,0.0872986305928871,0.137285663318354,-0.181781269511086,0.35637853069686,FALSE,9.12225034885721
"L3 Full Subset","Cognitive/Code Complexity",0,0.0254439014449655,0.138551677075248,-0.24611738562252,0.297005188512451,FALSE,2.57703604213233
"L3 Full Subset","Cognitive/Code Complexity",1,0.0894012626203346,0.189725966373344,-0.282461631471419,0.461264156712088,FALSE,9.35193567458785
"L3 Full Subset","Cognitive/Code Complexity",2,0.0657351010210472,0.234563985817266,-0.394010311180794,0.525480513222888,FALSE,6.79437824755358
"L3 Full Subset","Cognitive/Code Complexity",3,-0.17749125421295,0.415419183656542,-0.991712854179772,0.636730345753872,FALSE,-16.2631677251238
"L3 Full Subset","Cognitive/Code Complexity",4,-0.201020495392833,0.449027412040714,-1.08111422299263,0.679073232206965,FALSE,-18.2104331710943
"L3 Full Subset","Cognitive/Code Complexity",5,-0.1396336803322,0.505405119987799,-1.13022771550829,0.850960354843886,FALSE,-13.0323243244447
"L3 Full Subset","Cognitive/Code Complexity",6,-0.31028939968733,0.600808454990418,-1.48787397146855,0.867295172093889,FALSE,-26.6765272384588
"L4 Full Subset","Commits",-6,-0.48362385190255,0.129915976282047,-0.738259165415362,-0.228988538389738,TRUE,-38.3454929443637
"L4 Full Subset","Commits",-5,-0.109157421569194,0.287007346574834,-0.671691820855868,0.45337697771748,FALSE,-10.3410736100629
"L4 Full Subset","Commits",-4,0.000702542491096646,0.170599247318082,-0.333671982252343,0.335077067234537,FALSE,0.0702789331874509
"L4 Full Subset","Commits",-3,-0.0809841442602811,0.172666353807994,-0.419410197723949,0.257441909203387,FALSE,-7.77916863763275
"L4 Full Subset","Commits",-2,-0.0680497137170784,0.236062264731221,-0.530731752590271,0.394632325156114,FALSE,-6.57859708291758
"L4 Full Subset","Commits",0,0.494215356300386,0.159701153037389,0.181201096347103,0.807229616253669,TRUE,63.9211537316762
"L4 Full Subset","Commits",1,0.304869637660667,0.199468231134825,-0.0860880953635891,0.695827370684923,FALSE,35.6448161724207
"L4 Full Subset","Commits",2,0.11245074251321,0.204145972829094,-0.287675364231814,0.512576849258234,FALSE,11.9017135583449
"L4 Full Subset","Commits",3,-0.24389760394626,0.187635764856469,-0.61166370306494,0.12386849517242,FALSE,-21.643213558768
"L4 Full Subset","Commits",4,-0.132446701764301,0.179637296688431,-0.484535803273625,0.219642399745024,FALSE,-12.4050380568653
"L4 Full Subset","Commits",5,0.0201457842258054,0.206761512774044,-0.385106780811321,0.425398349262932,FALSE,2.03500801309944
"L4 Full Subset","Commits",6,-0.191951917282037,0.252744097456086,-0.687330348295966,0.303426513731892,FALSE,-17.4653447556879
"L4 Full Subset","Lines Added",-6,-1.07960825135083,0.275468235365404,-1.61952599266702,-0.539690510034638,TRUE,-66.0271412204868
"L4 Full Subset","Lines Added",-5,-0.254560324444006,0.311823100714573,-0.865733601844568,0.356612952956556,FALSE,-22.4742715284516
"L4 Full Subset","Lines Added",-4,-0.0933384665098862,0.338491326302548,-0.75678146606288,0.570104533043108,FALSE,-8.91148560006521
"L4 Full Subset","Lines Added",-3,0.180535105513851,0.311963432018996,-0.430913221243381,0.791983432271082,FALSE,19.7858172169031
"L4 Full Subset","Lines Added",-2,-0.346007815522002,0.568819552240786,-1.46089413791394,0.76887850686994,FALSE,-29.24930424513
"L4 Full Subset","Lines Added",0,0.283096898481842,0.276492922245013,-0.258829229118384,0.825023026082068,FALSE,32.7233762523088
"L4 Full Subset","Lines Added",1,-0.00786107194958635,0.321276314071672,-0.637562647530064,0.621840503630892,FALSE,-0.783025452901398
"L4 Full Subset","Lines Added",2,0.264313784573415,0.394117563285389,-0.508156639465948,1.03678420861278,FALSE,30.2536848152472
"L4 Full Subset","Lines Added",3,-0.442888060251508,0.431035375771067,-1.2877173967628,0.401941276259784,FALSE,-35.7820911569824
"L4 Full Subset","Lines Added",4,-0.229025971953897,0.45013674350177,-1.11129398921736,0.653242045309572,FALSE,-20.4692122462672
"L4 Full Subset","Lines Added",5,0.0915782616497554,0.448512329932379,-0.787505905017707,0.970662428317217,FALSE,9.59025404772786
"L4 Full Subset","Lines Added",6,-0.168905779998641,0.528224830205402,-1.20422644720123,0.866414887203946,FALSE,-15.5411523235298
"L4 Full Subset","Duplicated Lines Density",-6,0.120846269211248,0.0606154927288304,0.00203990346274015,0.239652634959755,TRUE,12.8451421305161
"L4 Full Subset","Duplicated Lines Density",-5,-0.137737659001145,0.142805603708362,-0.417636642269535,0.142161324267245,FALSE,-12.8672753374961
"L4 Full Subset","Duplicated Lines Density",-4,0.0389626646057342,0.107242957629114,-0.17123353234733,0.249158861558798,FALSE,3.97316641338803
"L4 Full Subset","Duplicated Lines Density",-3,0.0720512040685771,0.102639484098309,-0.129122184764108,0.273224592901262,FALSE,7.4710372198568
"L4 Full Subset","Duplicated Lines Density",-2,-0.0685696056602301,0.122827957262163,-0.30931240189407,0.17217319057361,FALSE,-6.62715349447484
"L4 Full Subset","Duplicated Lines Density",0,0.144635293047107,0.111265646908851,-0.0734453748942405,0.362715960988455,FALSE,15.5618031472663
"L4 Full Subset","Duplicated Lines Density",1,0.207306605806314,0.130843150575268,-0.0491459693212102,0.463759180933838,FALSE,23.0359749398395
"L4 Full Subset","Duplicated Lines Density",2,0.303453211070868,0.120102272197901,0.0680527575629813,0.538853664578755,TRUE,35.4528212534792
"L4 Full Subset","Duplicated Lines Density",3,0.330323516478857,0.114427881658394,0.106044868428405,0.554602164529309,TRUE,39.1418202374141
"L4 Full Subset","Duplicated Lines Density",4,0.331439766997868,0.115638436218019,0.10478843201055,0.558091101985186,TRUE,39.2972240851468
"L4 Full Subset","Duplicated Lines Density",5,0.478553276237437,0.15085141125172,0.182884510184065,0.774222042290809,TRUE,61.373807936754
"L4 Full Subset","Duplicated Lines Density",6,0.540741924677365,0.18218417808006,0.183660935640447,0.897822913714282,TRUE,71.7280482429163
"L4 Full Subset","% Comment Lines",-6,-0.033179980419486,0.0316741604319878,-0.0952613348661821,0.02890137402721,FALSE,-3.26355627370171
"L4 Full Subset","% Comment Lines",-5,-0.0410034649926869,0.0464366633718646,-0.132019325201542,0.0500123952161677,FALSE,-4.01741958473552
"L4 Full Subset","% Comment Lines",-4,-0.0368690172025773,0.0660225925742787,-0.166273298648163,0.0925352642430089,FALSE,-3.61976313879165
"L4 Full Subset","% Comment Lines",-3,0.137647121304819,0.0719143651899955,-0.00330503446757202,0.27859927707721,FALSE,14.7570525626386
"L4 Full Subset","% Comment Lines",-2,-0.0134506516500891,0.0786660448428552,-0.167636099542085,0.140734796241907,FALSE,-1.33605958570576
"L4 Full Subset","% Comment Lines",0,0.0374108255973072,0.0532840360664607,-0.0670258850929557,0.14184753628757,FALSE,3.81194192749634
"L4 Full Subset","% Comment Lines",1,0.0147533017585929,0.0853194780443646,-0.152472875208362,0.181979478725547,FALSE,1.48626688952107
"L4 Full Subset","% Comment Lines",2,0.0448335803948722,0.0902257630813364,-0.132008915244547,0.221676076034292,FALSE,4.58537948496391
"L4 Full Subset","% Comment Lines",3,0.0199360102105992,0.0981335449707939,-0.172405737932157,0.212277758353355,FALSE,2.01360596465223
"L4 Full Subset","% Comment Lines",4,0.0888516437590507,0.066808176704292,-0.0420923825813615,0.219795670099463,FALSE,9.29185030176283
"L4 Full Subset","% Comment Lines",5,0.144797060016608,0.110560823217293,-0.0719021534892873,0.361496273522502,FALSE,15.5804987420755
"L4 Full Subset","% Comment Lines",6,0.286480510914344,0.124913339306036,0.0416503658745126,0.531310655954175,TRUE,33.1732213398118
"L4 Full Subset","Static Analysis Warnings",-6,-0.100015086002494,0.0790714125325869,-0.254995054566365,0.0549648825613759,FALSE,-9.51762322406217
"L4 Full Subset","Static Analysis Warnings",-5,-0.174284815424444,0.121573202057863,-0.412568291457855,0.0639986606089672,FALSE,-15.9942397780001
"L4 Full Subset","Static Analysis Warnings",-4,0.0267871830343921,0.0878944009192558,-0.145485842767349,0.199060208836133,FALSE,2.71491847287806
"L4 Full Subset","Static Analysis Warnings",-3,0.136088511491704,0.109940517682522,-0.0793949031660385,0.351571926149447,FALSE,14.5783304096214
"L4 Full Subset","Static Analysis Warnings",-2,-0.0956411115684108,0.116062231132979,-0.32312308458905,0.131840861452228,FALSE,-9.12098881929177
"L4 Full Subset","Static Analysis Warnings",0,0.153219187297907,0.124603371718445,-0.0910034212702452,0.39744179586606,FALSE,16.5580431370997
"L4 Full Subset","Static Analysis Warnings",1,0.177922289326344,0.172300444444765,-0.159786581785394,0.515631160438082,FALSE,19.4732474161837
"L4 Full Subset","Static Analysis Warnings",2,0.231784913400924,0.198108696179242,-0.156508131110389,0.620077957912238,FALSE,26.0848508043852
"L4 Full Subset","Static Analysis Warnings",3,0.103629441220188,0.24596019738283,-0.378452545650158,0.585711428090534,FALSE,10.9189358897253
"L4 Full Subset","Static Analysis Warnings",4,0.253050106223531,0.220475553094994,-0.179081977842657,0.685182190289719,FALSE,28.794780941871
"L4 Full Subset","Static Analysis Warnings",5,0.311007357532339,0.20004634824639,-0.0810834850305852,0.703098200095264,FALSE,36.4799262703933
"L4 Full Subset","Static Analysis Warnings",6,0.476160313811166,0.198954389716417,0.0862097099669894,0.866110917655343,TRUE,60.9881081443844
"L4 Full Subset","Cognitive/Code Complexity",-6,-0.0427267088987513,0.105786348912499,-0.250067952767249,0.164614534969747,FALSE,-4.18267854987648
"L4 Full Subset","Cognitive/Code Complexity",-5,-0.121552699139192,0.118906647343561,-0.354609727932571,0.111504329654188,FALSE,-11.445561530761
"L4 Full Subset","Cognitive/Code Complexity",-4,0.0241983329114021,0.120300130240833,-0.211589922360631,0.259986588183435,FALSE,2.44934885185348
"L4 Full Subset","Cognitive/Code Complexity",-3,0.229233776365612,0.136394033631523,-0.0380985295521736,0.496566082283398,FALSE,25.7636010222472
"L4 Full Subset","Cognitive/Code Complexity",-2,0.112460931832235,0.11604260393225,-0.114982571874974,0.339904435539445,FALSE,11.9028537664128
"L4 Full Subset","Cognitive/Code Complexity",0,0.181413765327902,0.141538607182915,-0.0960019047506123,0.458829435406416,FALSE,19.8911144542359
"L4 Full Subset","Cognitive/Code Complexity",1,0.190150235232156,0.19201098513382,-0.186191295630131,0.566491766094444,FALSE,20.9431283198733
"L4 Full Subset","Cognitive/Code Complexity",2,0.260856762753017,0.244872875647785,-0.219094073516642,0.740807599022675,FALSE,29.8041724194109
"L4 Full Subset","Cognitive/Code Complexity",3,0.0961993009496368,0.26032634213572,-0.414040329636375,0.606438931535649,FALSE,10.097846818376
"L4 Full Subset","Cognitive/Code Complexity",4,0.118537477501806,0.239229934430939,-0.350353193982835,0.587428148986446,FALSE,12.5849067321786
"L4 Full Subset","Cognitive/Code Complexity",5,0.199765406985124,0.234136649412256,-0.259142425862897,0.658673239833145,FALSE,22.1116259211395
"L4 Full Subset","Cognitive/Code Complexity",6,0.455067257668371,0.23975323541187,-0.0148490837388952,0.924983599075637,FALSE,57.6279396345746
"L2+ Full Subset","Commits",-6,0.204617599194563,0.158205080484658,-0.105464358555366,0.514699556944493,FALSE,22.7055748128929
"L2+ Full Subset","Commits",-5,0.0220314364961041,0.0886969067342187,-0.151814500702965,0.195877373695173,FALSE,2.22759207383094
"L2+ Full Subset","Commits",-4,-0.00526502836975446,0.063229842780854,-0.129195520220228,0.118665463480719,FALSE,-0.525119240079386
"L2+ Full Subset","Commits",-3,-0.0789958691196007,0.0639791836390322,-0.204395069052104,0.0464033308129024,FALSE,-7.59562584486172
"L2+ Full Subset","Commits",-2,-0.0900598447953208,0.0620379923112287,-0.211654309725329,0.0315346201346875,FALSE,-8.61235071169479
"L2+ Full Subset","Commits",0,0.456918496308233,0.0649729159087212,0.329571581127139,0.584265411489326,TRUE,57.9200168360341
"L2+ Full Subset","Commits",1,0.353522331491581,0.0819688958392565,0.192863295646639,0.514181367336524,TRUE,42.4074788310427
"L2+ Full Subset","Commits",2,0.289474966008094,0.0786137021223106,0.135392109848366,0.443557822167823,TRUE,33.5726002334572
"L2+ Full Subset","Commits",3,0.19712577328381,0.0800200523620273,0.0402864706542362,0.353965075913383,TRUE,21.7897210004849
"L2+ Full Subset","Commits",4,0.142304222476981,0.0839337871767356,-0.022206000389421,0.306814445343382,FALSE,15.2927341601585
"L2+ Full Subset","Commits",5,0.0747973551904521,0.0868005168582615,-0.0953316578517405,0.244926368232645,FALSE,7.76657453862786
"L2+ Full Subset","Commits",6,-0.0244826459391809,0.10754266469498,-0.235266268741341,0.18630097686298,FALSE,-2.41853768822139
"L2+ Full Subset","Lines Added",-6,0.287754626071603,0.384707895713973,-0.466272849527784,1.04178210167099,FALSE,33.3430075002533
"L2+ Full Subset","Lines Added",-5,-0.140207451164047,0.198764171870731,-0.52978522803068,0.249370325702585,FALSE,-13.0822095273551
"L2+ Full Subset","Lines Added",-4,-0.135487069110668,0.146541163005043,-0.422707748600554,0.151733610379217,FALSE,-12.6709544722299
"L2+ Full Subset","Lines Added",-3,-0.0755706386757297,0.159206238585366,-0.387614866303048,0.236473588951588,FALSE,-7.2785768964771
"L2+ Full Subset","Lines Added",-2,-0.330404210646274,0.138818089669121,-0.602487666397751,-0.0583207548947978,TRUE,-28.1366804471774
"L2+ Full Subset","Lines Added",0,0.498757009253337,0.127064583895489,0.249710424818179,0.747803593688495,TRUE,64.6673198547883
"L2+ Full Subset","Lines Added",1,0.446453309301572,0.155732345294827,0.141217912523711,0.751688706079433,TRUE,56.2759719509761
"L2+ Full Subset","Lines Added",2,0.509320904030645,0.169096232279966,0.177892288761913,0.840749519299378,TRUE,66.4160686312971
"L2+ Full Subset","Lines Added",3,0.457148967195513,0.162933762191592,0.137798793299993,0.776499141091034,TRUE,57.9564169968612
"L2+ Full Subset","Lines Added",4,0.209254430517076,0.178106108661045,-0.139833542458572,0.558342403492724,FALSE,23.2758610042977
"L2+ Full Subset","Lines Added",5,0.448734119894965,0.195501095518665,0.0655519726783808,0.831916267111549,TRUE,56.6328146338861
"L2+ Full Subset","Lines Added",6,0.177827872776362,0.251808566137383,-0.315716916852908,0.671372662405633,FALSE,19.4619676968521
"L2+ Full Subset","Duplicated Lines Density",-6,-0.0133151931959896,0.0482524373579176,-0.107889970417508,0.0812595840255289,FALSE,-1.32269381562904
"L2+ Full Subset","Duplicated Lines Density",-5,-0.000798010389925451,0.0457089604975757,-0.0903875729651738,0.0887915521853229,FALSE,-0.0797692064315569
"L2+ Full Subset","Duplicated Lines Density",-4,0.00567083140589956,0.035213831933229,-0.0633482791832293,0.0746899419950284,FALSE,0.568694100753242
"L2+ Full Subset","Duplicated Lines Density",-3,-0.0112372835522185,0.0350192589931759,-0.0798750311788433,0.0574004640744063,FALSE,-1.11743811193696
"L2+ Full Subset","Duplicated Lines Density",-2,-0.025646551077183,0.0335741270886395,-0.0914518401709164,0.0401587380165505,FALSE,-2.53204718362333
"L2+ Full Subset","Duplicated Lines Density",0,0.0388414388923338,0.0354783995941283,-0.0306962243121578,0.108379102096825,FALSE,3.96056295606204
"L2+ Full Subset","Duplicated Lines Density",1,0.0480219959991537,0.0400087750866542,-0.0303952031706885,0.126439195168996,FALSE,4.9193733135126
"L2+ Full Subset","Duplicated Lines Density",2,0.0603152658536188,0.042013935904319,-0.0220320485188464,0.142662580226084,FALSE,6.21713601254814
"L2+ Full Subset","Duplicated Lines Density",3,0.0830392252760721,0.0422781298138194,0.000174090840986046,0.165904359711158,TRUE,8.65844292865419
"L2+ Full Subset","Duplicated Lines Density",4,0.0918118091632023,0.0438924332420281,0.0057826400088271,0.177840978317577,TRUE,9.615851568061
"L2+ Full Subset","Duplicated Lines Density",5,0.101190214882134,0.0486959868025188,0.00574608074919684,0.196634349015071,TRUE,10.6487092059198
"L2+ Full Subset","Duplicated Lines Density",6,0.153204865181046,0.0657110985259938,0.0244111120700984,0.281998618291994,TRUE,16.5563737911391
"L2+ Full Subset","% Comment Lines",-6,-0.00126164045393105,0.0435588398099704,-0.086636966481473,0.0841136855736109,FALSE,-0.126084492020795
"L2+ Full Subset","% Comment Lines",-5,-0.0198347069509165,0.0204568118533714,-0.0599300581835245,0.0202606442816914,FALSE,-1.96392932746963
"L2+ Full Subset","% Comment Lines",-4,-0.00881803114777312,0.0210734054605039,-0.0501219058503608,0.0324858435548146,FALSE,-0.877926633789217
"L2+ Full Subset","% Comment Lines",-3,0.0286036618724216,0.0203063217276948,-0.0111967287138601,0.0684040524587034,FALSE,2.90166751012138
"L2+ Full Subset","% Comment Lines",-2,-0.00234225566113967,0.020352174517765,-0.042232517715959,0.0375480063936797,FALSE,-0.233951472076066
"L2+ Full Subset","% Comment Lines",0,0.0430578484432469,0.021214871121869,0.00147670104438355,0.0846389958421102,TRUE,4.39982867794488
"L2+ Full Subset","% Comment Lines",1,0.0424235851437732,0.0260581998605444,-0.00865048658289377,0.0934976568704401,FALSE,4.33363269320413
"L2+ Full Subset","% Comment Lines",2,0.0559154197988168,0.0275519487631932,0.00191360022295822,0.109917239374675,TRUE,5.750823569457
"L2+ Full Subset","% Comment Lines",3,0.0554387478086814,0.0307295822477884,-0.00479123339698391,0.115668729014347,FALSE,5.70042712616838
"L2+ Full Subset","% Comment Lines",4,0.0738598818767771,0.0315664750974804,0.0119895906857155,0.135730173067839,TRUE,7.6655935917588
"L2+ Full Subset","% Comment Lines",5,0.0869014300414907,0.0374470967668166,0.0135051203785301,0.160297739704451,TRUE,9.0789155377242
"L2+ Full Subset","% Comment Lines",6,0.138361770597846,0.0476004009565403,0.0450649847230267,0.231658556472665,TRUE,14.8390929206726
"L2+ Full Subset","Static Analysis Warnings",-6,-0.148974752417016,0.106395406678387,-0.357509749506654,0.0595602446726224,FALSE,-13.8409132288715
"L2+ Full Subset","Static Analysis Warnings",-5,0.0228199582752751,0.0419750511403192,-0.0594511419597506,0.105091058510301,FALSE,2.30823254581929
"L2+ Full Subset","Static Analysis Warnings",-4,-0.0151918229436594,0.0359939247752783,-0.0857399155032049,0.055356269615886,FALSE,-1.50770093460748
"L2+ Full Subset","Static Analysis Warnings",-3,0.026404090038091,0.0379072732868373,-0.0478941656041101,0.100702345680292,FALSE,2.6755766432663
"L2+ Full Subset","Static Analysis Warnings",-2,0.0274669160780652,0.0377749563453082,-0.0465719983587389,0.101505830514869,FALSE,2.78476093146658
"L2+ Full Subset","Static Analysis Warnings",0,0.0979316474324865,0.0397879582372864,0.0199472492874052,0.175916045577568,TRUE,10.2887397346777
"L2+ Full Subset","Static Analysis Warnings",1,0.132575313192044,0.0528353724872049,0.0290179831171229,0.236132643266966,TRUE,14.1765002818103
"L2+ Full Subset","Static Analysis Warnings",2,0.13768204188184,0.0617428402277834,0.0166660750353846,0.258698008728295,TRUE,14.7610600151022
"L2+ Full Subset","Static Analysis Warnings",3,0.143633726801659,0.0687181946825575,0.00894606522384631,0.278321388379472,TRUE,15.4461182886662
"L2+ Full Subset","Static Analysis Warnings",4,0.203842706507228,0.0662230466481595,0.0740455350768359,0.333639877937621,TRUE,22.6105279905749
"L2+ Full Subset","Static Analysis Warnings",5,0.240566741969753,0.0673356603896802,0.10858884760598,0.372544636333526,TRUE,27.1969824767843
"L2+ Full Subset","Static Analysis Warnings",6,0.272318616204497,0.0876897512696884,0.100446703715908,0.444190528693086,TRUE,31.3005279431093
"L2+ Full Subset","Cognitive/Code Complexity",-6,-0.195245434117271,0.0943770566572315,-0.380224465165445,-0.0102664030690977,TRUE,-17.7367268861051
"L2+ Full Subset","Cognitive/Code Complexity",-5,-0.0234440497477046,0.0554797614009944,-0.132184382093654,0.0852962825982444,FALSE,-2.31713730519477
"L2+ Full Subset","Cognitive/Code Complexity",-4,-0.0037618485389701,0.0503783909440575,-0.102503494789323,0.0949797977113825,FALSE,-0.375478165105292
"L2+ Full Subset","Cognitive/Code Complexity",-3,0.0756377640290088,0.0577829441785957,-0.0376168065610387,0.188892334619056,FALSE,7.85718058810068
"L2+ Full Subset","Cognitive/Code Complexity",-2,0.0774056411113126,0.0441320881451929,-0.00909325165326559,0.163904533875891,FALSE,8.04802747303544
"L2+ Full Subset","Cognitive/Code Complexity",0,0.162246592891624,0.048398935068084,0.067384680158179,0.257108505625068,TRUE,17.6150235851878
"L2+ Full Subset","Cognitive/Code Complexity",1,0.261520303916625,0.0685309905650598,0.127199562409108,0.395841045424143,TRUE,29.8903314128775
"L2+ Full Subset","Cognitive/Code Complexity",2,0.294949708122109,0.0801412509513326,0.137872856257497,0.45202655998672,TRUE,34.3058812037991
"L2+ Full Subset","Cognitive/Code Complexity",3,0.278923840803713,0.0863523276705924,0.109673278569352,0.448174403038074,TRUE,32.1706679917875
"L2+ Full Subset","Cognitive/Code Complexity",4,0.35925225864078,0.0853975947806835,0.191872972870641,0.52663154441092,TRUE,43.2258055475355
"L2+ Full Subset","Cognitive/Code Complexity",5,0.386823063476871,0.0918774043740085,0.206743350903814,0.566902776049927,TRUE,47.2295965296418
"L2+ Full Subset","Cognitive/Code Complexity",6,0.374017266129935,0.110303245069269,0.157822905794168,0.590211626465703,TRUE,45.3562247634823
