"Setting","Outcome","Time","Estimate","SE","CI_Lower","CI_Upper","Significant","Percent_Change"
"L1 Agent Subset","Commits",-6,-0.257922723909338,0.134488213531999,-0.521519622432056,0.00567417461338005,FALSE,-22.7345062446999
"L1 Agent Subset","Commits",-5,-0.169988993083197,0.151039665313703,-0.466026737098056,0.126048750931661,FALSE,-15.6325897204064
"L1 Agent Subset","Commits",-4,0.0288959308063378,0.119449583622055,-0.205225253092891,0.263017114705566,FALSE,2.9317468661993
"L1 Agent Subset","Commits",-3,-0.120453794732068,0.141836753663684,-0.398453831912889,0.157546242448754,FALSE,-11.3481951796989
"L1 Agent Subset","Commits",-2,-0.126057678273876,0.120569009100555,-0.362372936110965,0.110257579563212,FALSE,-11.8436001772727
"L1 Agent Subset","Commits",0,1.00475746388637,0.121153470402266,0.767296661897925,1.24221826587481,TRUE,173.124476699721
"L1 Agent Subset","Commits",1,0.461479233929129,0.134423077000483,0.198010003008182,0.724948464850075,TRUE,58.641893491649
"L1 Agent Subset","Commits",2,0.106217508178948,0.147821129805048,-0.183511906238945,0.395946922596841,FALSE,11.2063733160151
"L1 Agent Subset","Commits",3,0.0498302602292416,0.15919320542082,-0.262188422395565,0.361848942854048,FALSE,5.10926690046591
"L1 Agent Subset","Commits",4,0.228810942419029,0.138328434313322,-0.0423127888350819,0.49993467367314,FALSE,25.7104351434518
"L1 Agent Subset","Commits",5,0.11464321516979,0.167267427707156,-0.213200943136235,0.442487373475816,FALSE,12.1473241544179
"L1 Agent Subset","Commits",6,-0.254732820122942,0.218957898088528,-0.683890300376456,0.174424660130573,FALSE,-22.4876432283059
"L1 Agent Subset","Lines Added",-6,-0.0165803438420004,0.502680628026463,-1.00183437477387,0.968673687089867,FALSE,-1.64436464801718
"L1 Agent Subset","Lines Added",-5,-0.0757332076591566,0.397042038000457,-0.853935602140052,0.702469186821739,FALSE,-7.29364929878716
"L1 Agent Subset","Lines Added",-4,0.592020248400143,0.308020601297923,-0.0117001301437869,1.19574062694407,FALSE,80.7636603990714
"L1 Agent Subset","Lines Added",-3,0.200829191974224,0.291387589423195,-0.370290483295239,0.771948867243686,FALSE,22.2415955534043
"L1 Agent Subset","Lines Added",-2,0.208897664620148,0.308292662745646,-0.395355954361318,0.813151283601614,FALSE,23.2318882256372
"L1 Agent Subset","Lines Added",0,1.49897921009845,0.266029406183949,0.977561573977908,2.02039684621899,TRUE,347.711654158581
"L1 Agent Subset","Lines Added",1,0.337659626400424,0.313855608795066,-0.277497366837904,0.952816619638753,FALSE,40.1663333007775
"L1 Agent Subset","Lines Added",2,-0.0803921373435577,0.361517296444971,-0.788966038375701,0.628181763688585,FALSE,-7.72455710399241
"L1 Agent Subset","Lines Added",3,0.114398930685259,0.370179148631215,-0.611152200631922,0.839950062002441,FALSE,12.1199316490635
"L1 Agent Subset","Lines Added",4,0.610788234416026,0.315077596400493,-0.00676385452894079,1.22834032336099,FALSE,84.1882662043177
"L1 Agent Subset","Lines Added",5,0.1255293416661,0.414919378785637,-0.687712640753748,0.938771324085949,FALSE,13.3748434540498
"L1 Agent Subset","Lines Added",6,-0.331530465407583,0.723944206350456,-1.75046110985448,1.08740017903931,FALSE,-28.2175712925868
"L1 Agent Subset","Duplicated Lines Density",-6,0.398640391406252,0.330148481244115,-0.248450631832213,1.04573141464472,FALSE,48.9797778182785
"L1 Agent Subset","Duplicated Lines Density",-5,0.0839056762896715,0.145992931480406,-0.202240469411924,0.370051821991267,FALSE,8.75263094542462
"L1 Agent Subset","Duplicated Lines Density",-4,0.0613754939057605,0.0851085352010151,-0.105437235088229,0.22818822289975,FALSE,6.32981011933658
"L1 Agent Subset","Duplicated Lines Density",-3,-0.00520845579119998,0.0860967536550726,-0.173958092955142,0.163541181372742,FALSE,-0.519491530387872
"L1 Agent Subset","Duplicated Lines Density",-2,0.147632684481702,0.0732547361240042,0.00405340167865345,0.29121196728475,TRUE,15.9087067494036
"L1 Agent Subset","Duplicated Lines Density",0,0.174902602687646,0.0802597362448155,0.0175935196478077,0.332211685727484,TRUE,19.1130198082546
"L1 Agent Subset","Duplicated Lines Density",1,0.160571187674902,0.0982568207776824,-0.0320121810493555,0.353154556399159,FALSE,17.4181357406243
"L1 Agent Subset","Duplicated Lines Density",2,0.277409959613501,0.111149929988386,0.0595560968362637,0.495263822390738,TRUE,31.9707286839813
"L1 Agent Subset","Duplicated Lines Density",3,0.354722191192701,0.120494640477613,0.118552695856581,0.590891686528822,TRUE,42.5784503764521
"L1 Agent Subset","Duplicated Lines Density",4,0.379417338004309,0.126231077352498,0.132004426393412,0.626830249615205,TRUE,46.1432819948028
"L1 Agent Subset","Duplicated Lines Density",5,0.407452440482889,0.155472747670998,0.102725855047732,0.712179025918046,TRUE,50.2983962642776
"L1 Agent Subset","Duplicated Lines Density",6,0.484663460981682,0.198322819913477,0.0959507339512677,0.873376188012097,TRUE,62.3628502546681
"L1 Agent Subset","% Comment Lines",-6,0.0119375939924953,0.117896906819202,-0.21914034337314,0.243015531358131,FALSE,1.20091314459452
"L1 Agent Subset","% Comment Lines",-5,0.0738046239174921,0.135226495551302,-0.191239307363059,0.338848555198043,FALSE,7.65964437514401
"L1 Agent Subset","% Comment Lines",-4,0.0526424868351994,0.1086880137858,-0.160386020184968,0.265670993855367,FALSE,5.40527400181521
"L1 Agent Subset","% Comment Lines",-3,0.135520476357738,0.10645787916238,-0.073136966800527,0.344177919516004,FALSE,14.5132643740042
"L1 Agent Subset","% Comment Lines",-2,0.0930910259883252,0.0807610146692285,-0.0652005627633627,0.251382614740013,FALSE,9.75616373539578
"L1 Agent Subset","% Comment Lines",0,0.134478212895701,0.0614670333547155,0.0140028275204585,0.254953598270943,TRUE,14.3939735596561
"L1 Agent Subset","% Comment Lines",1,0.2446974874268,0.0989699152408283,0.0507164535547764,0.438678521298823,TRUE,27.7234875147986
"L1 Agent Subset","% Comment Lines",2,0.125221742366753,0.0778083272456839,-0.0272825790347876,0.277726063768293,FALSE,13.3399747947023
"L1 Agent Subset","% Comment Lines",3,0.0947139380271016,0.0885454367564599,-0.0788351180155597,0.268262994069763,FALSE,9.9344329533541
"L1 Agent Subset","% Comment Lines",4,0.215337830504099,0.0871223092851424,0.0445781043052201,0.386097556702978,TRUE,24.0280830896073
"L1 Agent Subset","% Comment Lines",5,0.211424268524589,0.11747967102484,-0.0188358866840978,0.441684423733276,FALSE,23.5436400664439
"L1 Agent Subset","% Comment Lines",6,0.0692749657747928,0.106986356433232,-0.140418292834341,0.278968224383927,FALSE,7.17308579430465
"L1 Agent Subset","Static Analysis Warnings",-6,0.687909226448465,0.481136922077436,-0.255119140823309,1.63093759372024,FALSE,98.9551480099855
"L1 Agent Subset","Static Analysis Warnings",-5,0.321314611005109,0.203169394138541,-0.0768974015064317,0.71952662351665,FALSE,37.8939342149562
"L1 Agent Subset","Static Analysis Warnings",-4,0.189075521093614,0.0837434320250463,0.024938394324523,0.353212647862705,TRUE,20.8132188501842
"L1 Agent Subset","Static Analysis Warnings",-3,0.190326271256901,0.0867457537570785,0.0203045938930269,0.360347948620775,TRUE,20.964420541447
"L1 Agent Subset","Static Analysis Warnings",-2,0.148622976963964,0.0715854492735111,0.00831549638788229,0.288930457540046,TRUE,16.0235471237209
"L1 Agent Subset","Static Analysis Warnings",0,0.251544465473767,0.0868212865568332,0.0813747438223743,0.421714187125161,TRUE,28.6010081840144
"L1 Agent Subset","Static Analysis Warnings",1,0.318677281547186,0.101909217161043,0.118935215911541,0.518419347182831,TRUE,37.5307416199627
"L1 Agent Subset","Static Analysis Warnings",2,0.308008109121812,0.0898960201065311,0.131811909713011,0.484204308530613,TRUE,36.0712023071958
"L1 Agent Subset","Static Analysis Warnings",3,0.390298463986519,0.0979554515859233,0.19830577887811,0.582291149094929,TRUE,47.7421685250222
"L1 Agent Subset","Static Analysis Warnings",4,0.463468632815794,0.119468016241645,0.229311320982169,0.697625944649418,TRUE,58.9578096353601
"L1 Agent Subset","Static Analysis Warnings",5,0.618901146100544,0.142438411709254,0.339721859150405,0.898080433050682,TRUE,85.6886473416895
"L1 Agent Subset","Static Analysis Warnings",6,0.388491742248619,0.145382135296297,0.103542757067876,0.673440727429361,TRUE,47.4754805255909
"L1 Agent Subset","Cognitive/Code Complexity",-6,0.33606276401213,0.121652418299969,0.0976240241441912,0.574501503880069,TRUE,39.9426855698739
"L1 Agent Subset","Cognitive/Code Complexity",-5,0.143924232101749,0.10208630909282,-0.0561649337201793,0.344013397923677,FALSE,15.4796608698168
"L1 Agent Subset","Cognitive/Code Complexity",-4,0.120853176010056,0.0943093022461109,-0.0639930563923213,0.305699408412433,FALSE,12.8459215319008
"L1 Agent Subset","Cognitive/Code Complexity",-3,0.148430735190022,0.110687232384542,-0.0685162402836814,0.365377710663725,FALSE,16.0012446950006
"L1 Agent Subset","Cognitive/Code Complexity",-2,0.154808063069928,0.0908373926042188,-0.0232332264343409,0.332849352574197,FALSE,16.7433865927455
"L1 Agent Subset","Cognitive/Code Complexity",0,0.392512640356597,0.08335449948271,0.229137821370485,0.555887459342708,TRUE,48.0696581695552
"L1 Agent Subset","Cognitive/Code Complexity",1,0.496604241024217,0.139574582179605,0.223038059952191,0.770170422096244,TRUE,64.3132105745918
"L1 Agent Subset","Cognitive/Code Complexity",2,0.589840180639858,0.118665471133691,0.357255857217823,0.822424504061893,TRUE,80.3700126161319
"L1 Agent Subset","Cognitive/Code Complexity",3,0.6880839001494,0.130811932279935,0.431692512880727,0.944475287418073,TRUE,98.9899032773357
"L1 Agent Subset","Cognitive/Code Complexity",4,0.781183570930376,0.154499282635561,0.478364976964676,1.08400216489608,TRUE,118.405572120702
"L1 Agent Subset","Cognitive/Code Complexity",5,0.967165532077851,0.19363837299057,0.587634321016335,1.34669674313937,TRUE,163.047787729637
"L1 Agent Subset","Cognitive/Code Complexity",6,0.972720939966597,0.223159410153003,0.535328496066712,1.41011338386648,TRUE,164.513192175575
"L2 Agent Subset","Commits",-6,0.0231415818439737,0.230375825593744,-0.428395036319764,0.474678200007712,FALSE,2.34114257671503
"L2 Agent Subset","Commits",-5,0.0554174648631296,0.181884163464908,-0.301075495528089,0.411910425254349,FALSE,5.69817753367212
"L2 Agent Subset","Commits",-4,0.00864664012982069,0.168232886826554,-0.321089818050225,0.338383098309866,FALSE,0.868413029935211
"L2 Agent Subset","Commits",-3,-0.14249241526162,0.162269644349944,-0.460540918187509,0.17555608766427,FALSE,-13.2805868292075
"L2 Agent Subset","Commits",-2,-0.158538007022464,0.120917819324341,-0.395536932898172,0.0784609188532434,FALSE,-14.6609471658431
"L2 Agent Subset","Commits",0,0.76653132368331,0.17779354142473,0.41805598249084,1.11500666487578,TRUE,115.228770156762
"L2 Agent Subset","Commits",1,0.279284273550042,0.149435569137514,-0.0136094419594856,0.572177989059569,FALSE,32.2183152149298
"L2 Agent Subset","Commits",2,0.32527683772284,0.126135339161418,0.0780515729664615,0.572502102479218,TRUE,38.4413850913468
"L2 Agent Subset","Commits",3,0.131368980663685,0.12573853448998,-0.115078546936676,0.377816508264045,FALSE,14.0388484991506
"L2 Agent Subset","Commits",4,-0.0091675241015346,0.181863295094386,-0.365619582486531,0.347284534283462,FALSE,-0.912563047049186
"L2 Agent Subset","Commits",5,0.0999950285649378,0.188230030124365,-0.268935830478817,0.468925887608692,FALSE,10.5165423803853
"L2 Agent Subset","Commits",6,0.387258163073601,0.196003010581551,0.00309226233376114,0.77142406381344,TRUE,47.2936700058796
"L2 Agent Subset","Lines Added",-6,-0.0733168902374484,0.638320167955567,-1.32442441943036,1.17779063895546,FALSE,-7.06937047319069
"L2 Agent Subset","Lines Added",-5,0.156914956650152,0.416234104317678,-0.658903887812497,0.972733801112801,FALSE,16.9896117785401
"L2 Agent Subset","Lines Added",-4,-0.408325369371865,0.356277283488497,-1.10662884500932,0.28997810626559,FALSE,-33.5237449742451
"L2 Agent Subset","Lines Added",-3,-0.300073279041122,0.489286764081021,-1.25907533663992,0.65892877855768,FALSE,-25.9236063778158
"L2 Agent Subset","Lines Added",-2,-0.325018149555258,0.347207698998557,-1.00554523959243,0.355508940481912,FALSE,-27.7485759789057
"L2 Agent Subset","Lines Added",0,0.881600461220682,0.352884514980309,0.189946811859277,1.57325411058209,TRUE,141.476134728322
"L2 Agent Subset","Lines Added",1,0.483382626669034,0.311149751542018,-0.126470886353322,1.09323613969139,FALSE,62.1550234692137
"L2 Agent Subset","Lines Added",2,0.692304707549359,0.377309890005727,-0.0472226768618665,1.43183209196058,FALSE,99.8315763540324
"L2 Agent Subset","Lines Added",3,0.199343587452315,0.340324487259054,-0.46769240757543,0.866379582480061,FALSE,22.0601277143813
"L2 Agent Subset","Lines Added",4,0.114373308925811,0.28301162449676,-0.440329475087839,0.669076092939462,FALSE,12.1170589759471
"L2 Agent Subset","Lines Added",5,1.69395125906815,0.577904669632437,0.561258106588576,2.82664441154773,TRUE,444.093683886831
"L2 Agent Subset","Lines Added",6,2.13231902434727,0.492315060037693,1.16738150667339,3.09725654202115,TRUE,743.440373700234
"L2 Agent Subset","Duplicated Lines Density",-6,0.103210079574404,0.06470980539524,-0.0236211390002664,0.230041298149074,FALSE,10.8724304941932
"L2 Agent Subset","Duplicated Lines Density",-5,0.204656689489811,0.116434892719873,-0.0235557002411406,0.432869079220763,FALSE,22.7103715037923
"L2 Agent Subset","Duplicated Lines Density",-4,0.0978810753557401,0.0826904415403344,-0.0641921900633154,0.259954340774796,FALSE,10.2831623450988
"L2 Agent Subset","Duplicated Lines Density",-3,-0.000485969686660556,0.102725987651299,-0.201828905483208,0.200856966109886,FALSE,-0.0485851622518352
"L2 Agent Subset","Duplicated Lines Density",-2,-0.0901222169570261,0.096639251606836,-0.279535150106425,0.0992907161923724,FALSE,-8.6180505791757
"L2 Agent Subset","Duplicated Lines Density",0,0.125840436265124,0.0909217907575957,-0.0523662736197638,0.304047146150011,FALSE,13.4101192422826
"L2 Agent Subset","Duplicated Lines Density",1,0.0177203082150541,0.0867203071289081,-0.152251493757606,0.187692110187714,FALSE,1.78782443900183
"L2 Agent Subset","Duplicated Lines Density",2,-0.0313789315674986,0.0646477115629451,-0.158088446230871,0.0953305830958738,FALSE,-3.08917222282438
"L2 Agent Subset","Duplicated Lines Density",3,0.0316730122633073,0.0855424284197807,-0.135990147439463,0.199336171966078,FALSE,3.21799399358389
"L2 Agent Subset","Duplicated Lines Density",4,0.0117627777001676,0.0883921965091733,-0.161485927457812,0.185011482858147,FALSE,1.1832231224755
"L2 Agent Subset","Duplicated Lines Density",5,-0.0129580956482517,0.0553743071028538,-0.121491737569845,0.0955755462733416,FALSE,-1.28745009922538
"L2 Agent Subset","Duplicated Lines Density",6,0.0672154811430569,0.0708505282903705,-0.0716515543060693,0.206082516592183,FALSE,6.95259160131156
"L2 Agent Subset","% Comment Lines",-6,-0.0177504461832898,0.035039235240274,-0.0864273472542268,0.0509264548876473,FALSE,-1.7593835021832
"L2 Agent Subset","% Comment Lines",-5,-0.0289694342516057,0.0370122781728432,-0.101513499470378,0.0435746309671669,FALSE,-2.85538430083714
"L2 Agent Subset","% Comment Lines",-4,-0.0397063007355087,0.0283111376757143,-0.0951961305799086,0.0157835291088913,FALSE,-3.89283362535175
"L2 Agent Subset","% Comment Lines",-3,-0.0195574059112922,0.0238044755991339,-0.0662141780855947,0.0270993662630103,FALSE,-1.93674005351872
"L2 Agent Subset","% Comment Lines",-2,-0.0285975623378523,0.0347435763053802,-0.0966949718963976,0.0394998472206929,FALSE,-2.81925222885127
"L2 Agent Subset","% Comment Lines",0,-0.00760594584869881,0.0666749987147626,-0.138288943329634,0.123077051632236,FALSE,-0.757709383785654
"L2 Agent Subset","% Comment Lines",1,0.0177886483524746,0.0465561148413392,-0.0734613367365503,0.109038633441499,FALSE,1.79478087061076
"L2 Agent Subset","% Comment Lines",2,0.0238223321741746,0.0442644187950605,-0.062935928664144,0.110580593012493,FALSE,2.41083506221711
"L2 Agent Subset","% Comment Lines",3,0.0237787415264292,0.0408342485731737,-0.0562563856769914,0.10381386872985,FALSE,2.40637100487688
"L2 Agent Subset","% Comment Lines",4,0.0335041640559441,0.0415979660725774,-0.0480278494463076,0.115036177558196,FALSE,3.40717496499292
"L2 Agent Subset","% Comment Lines",5,0.151025261120605,0.0729428242603093,0.00805732557039832,0.293993196670811,TRUE,16.3026037051734
"L2 Agent Subset","% Comment Lines",6,0.223602335010995,0.0995739085501097,0.0284374742527797,0.41876719576921,TRUE,25.0573611192652
"L2 Agent Subset","Static Analysis Warnings",-6,-0.0472354190608161,0.0855112571464759,-0.214837483067909,0.120366644946277,FALSE,-4.61371863320008
"L2 Agent Subset","Static Analysis Warnings",-5,0.0215174702370176,0.0784573939515243,-0.13225902190797,0.175293962382005,FALSE,2.175064040732
"L2 Agent Subset","Static Analysis Warnings",-4,-0.0889990246425344,0.0968571007570016,-0.278838942126258,0.100840892841189,FALSE,-8.51535341236528
"L2 Agent Subset","Static Analysis Warnings",-3,-0.0133856284642906,0.0805492774187573,-0.171262212205055,0.144490955276474,FALSE,-1.32964393339577
"L2 Agent Subset","Static Analysis Warnings",-2,0.0173552749900279,0.077217115212592,-0.133990270826653,0.168700820806708,FALSE,1.75067528192927
"L2 Agent Subset","Static Analysis Warnings",0,0.0288170632367555,0.0897111318262289,-0.147016755142653,0.204650881616164,FALSE,2.92362920960523
"L2 Agent Subset","Static Analysis Warnings",1,-0.00995959378852869,0.0910198368063978,-0.188358473929068,0.168439286352011,FALSE,-0.991016127966315
"L2 Agent Subset","Static Analysis Warnings",2,0.0162728593365564,0.0945993360169349,-0.169141839256636,0.201687557929749,FALSE,1.64059834350083
"L2 Agent Subset","Static Analysis Warnings",3,0.121001053503607,0.117154126035197,-0.10862103352538,0.350623140532594,FALSE,12.8626101378387
"L2 Agent Subset","Static Analysis Warnings",4,0.0411713770464741,0.103623179915123,-0.161930055587167,0.244272809680115,FALSE,4.20306703827109
"L2 Agent Subset","Static Analysis Warnings",5,0.0239890535478502,0.095125377451742,-0.162456686257564,0.210434793353264,FALSE,2.42791056070368
"L2 Agent Subset","Static Analysis Warnings",6,0.113839309708028,0.149913212022716,-0.179990585856495,0.40766920527255,FALSE,12.0572045366879
"L2 Agent Subset","Cognitive/Code Complexity",-6,-0.0250357104650197,0.0894143030290982,-0.200287744402052,0.150216323472013,FALSE,-2.47249161202958
"L2 Agent Subset","Cognitive/Code Complexity",-5,0.0958592719070611,0.140877741480704,-0.180261101395118,0.37197964520924,FALSE,10.0604167169541
"L2 Agent Subset","Cognitive/Code Complexity",-4,-0.187899134074519,0.160739271268789,-0.502948105761346,0.127149837612308,FALSE,-17.130170956273
"L2 Agent Subset","Cognitive/Code Complexity",-3,0.119515373466169,0.231332581678684,-0.333896486624052,0.57292723355639,FALSE,12.6950569070481
"L2 Agent Subset","Cognitive/Code Complexity",-2,-0.0473073732201346,0.0853159304363146,-0.214526596875311,0.119911850435042,FALSE,-4.62058182596575
"L2 Agent Subset","Cognitive/Code Complexity",0,0.296314755371814,0.120522330554321,0.0600909874853457,0.532538523258283,TRUE,34.4893402642111
"L2 Agent Subset","Cognitive/Code Complexity",1,0.262016249088382,0.155621576933055,-0.0430020417004057,0.567034539877171,FALSE,29.9547658722585
"L2 Agent Subset","Cognitive/Code Complexity",2,0.210304462287279,0.152233713474607,-0.0880736161229503,0.508682540697508,FALSE,23.405372558575
"L2 Agent Subset","Cognitive/Code Complexity",3,0.204575090325962,0.12715807819143,-0.0446547429292413,0.453804923581166,FALSE,22.7003588485997
"L2 Agent Subset","Cognitive/Code Complexity",4,0.123073934403952,0.135974827170875,-0.143436726850964,0.389584595658868,FALSE,13.0968035304041
"L2 Agent Subset","Cognitive/Code Complexity",5,0.102679803946785,0.101948453120169,-0.0971391641687467,0.302498772062317,FALSE,10.8136531320059
"L2 Agent Subset","Cognitive/Code Complexity",6,0.115120951263257,0.137006770309746,-0.153412318543844,0.383654221070359,FALSE,12.2009137787818
"L12 Agent Subset","Commits",-6,-0.187531203243159,0.118475727432254,-0.419743629010378,0.0446812225240593,FALSE,-17.0996749813176
"L12 Agent Subset","Commits",-5,-0.105625790616521,0.118280756153402,-0.337456072677188,0.126204491444146,FALSE,-10.0238715798763
"L12 Agent Subset","Commits",-4,0.0136624030914983,0.0991436579606215,-0.18065916651132,0.207983972694316,FALSE,1.37561602165845
"L12 Agent Subset","Commits",-3,-0.142192573704738,0.108984599421132,-0.355802388570155,0.0714172411606802,FALSE,-13.2545808467082
"L12 Agent Subset","Commits",-2,-0.148034065129611,0.0904951004335219,-0.325404461979314,0.029336331720092,FALSE,-13.7598263385274
"L12 Agent Subset","Commits",0,0.937109628147392,0.101262031093314,0.738636047204497,1.13558320909029,TRUE,155.259280316105
"L12 Agent Subset","Commits",1,0.420431750436557,0.107320297260567,0.210083967805846,0.630779533067268,TRUE,52.2618805058352
"L12 Agent Subset","Commits",2,0.182351982538231,0.11123232700275,-0.0356633783871603,0.400367343463621,FALSE,20.0036511448572
"L12 Agent Subset","Commits",3,0.0766003039739543,0.120809633268531,-0.160186577232366,0.313387185180275,FALSE,7.96104741273052
"L12 Agent Subset","Commits",4,0.137317941035059,0.116652238063758,-0.091320445569906,0.365956327640024,FALSE,14.719283021954
"L12 Agent Subset","Commits",5,0.111221616256118,0.128876031153252,-0.141375404804256,0.363818637316492,FALSE,11.7642567172084
"L12 Agent Subset","Commits",6,0.00859608846777895,0.163448488525947,-0.311762949043078,0.328955125978636,FALSE,0.86331409289
"L12 Agent Subset","Lines Added",-6,-0.0341944300874845,0.405910607596025,-0.829779220975694,0.761390360800725,FALSE,-3.36164076762043
"L12 Agent Subset","Lines Added",-5,0.0630215405241239,0.298228733439152,-0.521506777016615,0.647549858064863,FALSE,6.50497807147135
"L12 Agent Subset","Lines Added",-4,0.237656857969085,0.240597665881347,-0.233914567158355,0.709228283096525,FALSE,26.8273920060305
"L12 Agent Subset","Lines Added",-3,0.0140491300166642,0.259390488427803,-0.49435622730183,0.522454487335158,FALSE,1.41482828365935
"L12 Agent Subset","Lines Added",-2,0.0235764627736369,0.235420004177435,-0.437846745414135,0.484999670961409,FALSE,2.38565846679584
"L12 Agent Subset","Lines Added",0,1.35664683669929,0.219129383756188,0.927153244537164,1.78614042886142,TRUE,288.315060876366
"L12 Agent Subset","Lines Added",1,0.395959699893302,0.241552447348272,-0.0774830969093107,0.869402496695915,FALSE,48.5809438065936
"L12 Agent Subset","Lines Added",2,0.157635508077638,0.278255348306403,-0.387744974602912,0.703015990758188,FALSE,17.0739391877772
"L12 Agent Subset","Lines Added",3,0.129477143623088,0.281249265633226,-0.421771417018036,0.680725704264211,FALSE,13.8233095280828
"L12 Agent Subset","Lines Added",4,0.446990382110532,0.248625552883851,-0.0403157015418154,0.934296465762879,FALSE,56.3599260689236
"L12 Agent Subset","Lines Added",5,0.642777491602432,0.359885285395323,-0.0625976677724023,1.34815265097727,FALSE,90.1755660961264
"L12 Agent Subset","Lines Added",6,0.644580592643439,0.538003047146555,-0.409905379763808,1.69906656505069,FALSE,90.5187811900875
"L12 Agent Subset","Duplicated Lines Density",-6,0.312918816225042,0.245787321979422,-0.168824334854626,0.79466196730471,FALSE,36.7410514973792
"L12 Agent Subset","Duplicated Lines Density",-5,0.114745959827849,0.10653066361619,-0.0940541408598828,0.323546060515582,FALSE,12.1588472848503
"L12 Agent Subset","Duplicated Lines Density",-4,0.0684954864378527,0.0629249533870443,-0.0548374222007542,0.19182839507646,FALSE,7.08957913853634
"L12 Agent Subset","Duplicated Lines Density",-3,-0.00505943174418291,0.0669263066762532,-0.136234992829639,0.126116129341273,FALSE,-0.504665437721685
"L12 Agent Subset","Duplicated Lines Density",-2,0.0706889038704665,0.0598256937365847,-0.0465694558532396,0.187947263594173,FALSE,7.32472908498889
"L12 Agent Subset","Duplicated Lines Density",0,0.163453442365106,0.0640584974413554,0.0378987873800495,0.289008097350163,TRUE,17.7570529012392
"L12 Agent Subset","Duplicated Lines Density",1,0.109121814013246,0.0742698149521083,-0.0364470232928864,0.254690651319378,FALSE,11.5298201016854
"L12 Agent Subset","Duplicated Lines Density",2,0.167532241190085,0.0809733602918543,0.00882445501805074,0.32624002736212,TRUE,18.2383411018696
"L12 Agent Subset","Duplicated Lines Density",3,0.262734688724673,0.0903007913593346,0.0857451376603775,0.439724239788969,TRUE,30.0481640734535
"L12 Agent Subset","Duplicated Lines Density",4,0.287015181566544,0.0970711574505028,0.0967557129635582,0.477274650169529,TRUE,33.2444441916087
"L12 Agent Subset","Duplicated Lines Density",5,0.244292231610264,0.108697579877416,0.0312449750505291,0.457339488169998,TRUE,27.6717373153179
"L12 Agent Subset","Duplicated Lines Density",6,0.269220051576413,0.127817598966821,0.018697557601444,0.519742545551381,TRUE,30.8943144359864
"L12 Agent Subset","% Comment Lines",-6,1.59361068398356e-05,0.0852614329811456,-0.167096472536206,0.167128344749885,FALSE,0.00159362338203461
"L12 Agent Subset","% Comment Lines",-5,0.0437032399291309,0.0910584440788561,-0.134771310465427,0.222177790323689,FALSE,4.46722918601887
"L12 Agent Subset","% Comment Lines",-4,0.0173821247208451,0.0683964621277026,-0.116674941049452,0.151439190491142,FALSE,1.75340729684783
"L12 Agent Subset","% Comment Lines",-3,0.0796338694534527,0.0678824386168613,-0.0534157102355955,0.212683449142501,FALSE,8.28905157881126
"L12 Agent Subset","% Comment Lines",-2,0.0536190761194991,0.054321392320081,-0.0528508528278597,0.160089005066858,FALSE,5.50826194318883
"L12 Agent Subset","% Comment Lines",0,0.096449753438392,0.0487473268831648,0.000904992747388964,0.191994514129395,TRUE,10.12542455143
"L12 Agent Subset","% Comment Lines",1,0.18038452720111,0.0717209348602367,0.0398114948750457,0.320957559527174,TRUE,19.7677814285897
"L12 Agent Subset","% Comment Lines",2,0.0923047947563082,0.0548048959229596,-0.0151128012526926,0.199722390765309,FALSE,9.66990392608225
"L12 Agent Subset","% Comment Lines",3,0.0790366411361162,0.0648716204428557,-0.048111734931881,0.206185017204113,FALSE,8.22439759926632
"L12 Agent Subset","% Comment Lines",4,0.176648630691696,0.0665694407484807,0.0461725268246737,0.307124734558718,TRUE,19.3211761470028
"L12 Agent Subset","% Comment Lines",5,0.190721420741879,0.0829290624420902,0.0281804583553822,0.353262383128376,TRUE,21.0122290150494
"L12 Agent Subset","% Comment Lines",6,0.131356487452515,0.0798976421701322,-0.0252428912009441,0.287955866105974,FALSE,14.0374237966344
"L12 Agent Subset","Static Analysis Warnings",-6,0.482888191109395,0.361950495846522,-0.226534780749788,1.19231116296858,FALSE,62.0748680769076
"L12 Agent Subset","Static Analysis Warnings",-5,0.225791255933146,0.140718052562808,-0.0500161270899571,0.501598638956249,FALSE,25.3314016105514
"L12 Agent Subset","Static Analysis Warnings",-4,0.0880702367538183,0.0667111160816256,-0.0426835507661679,0.218824024273804,FALSE,9.20648224226588
"L12 Agent Subset","Static Analysis Warnings",-3,0.122113966330347,0.0634648926599234,-0.00227722328310262,0.246505155943797,FALSE,12.9882863046578
"L12 Agent Subset","Static Analysis Warnings",-2,0.106287215260483,0.0547052490826174,-0.000935072941447096,0.213509503462413,FALSE,11.2141254579335
"L12 Agent Subset","Static Analysis Warnings",0,0.192451091395438,0.0681054240933486,0.0589644601724748,0.325937722618401,TRUE,21.2217214405195
"L12 Agent Subset","Static Analysis Warnings",1,0.218280633832788,0.0794271000487518,0.062603517737234,0.373957749928341,TRUE,24.39361091984
"L12 Agent Subset","Static Analysis Warnings",2,0.215293150308925,0.0697020632004636,0.0786771064360167,0.351909194181834,TRUE,24.0225416144459
"L12 Agent Subset","Static Analysis Warnings",3,0.316892212564762,0.0795896501249864,0.160896498319789,0.472887926809735,TRUE,37.2854587475231
"L12 Agent Subset","Static Analysis Warnings",4,0.356488519717841,0.0940538118197342,0.172143048551162,0.54083399088452,TRUE,42.8305133078605
"L12 Agent Subset","Static Analysis Warnings",5,0.412459192745572,0.104705753493819,0.207235915897686,0.617682469593458,TRUE,51.0527900553607
"L12 Agent Subset","Static Analysis Warnings",6,0.26793126895877,0.107034813663847,0.0581430341776298,0.477719503739911,TRUE,30.7257287772609
"L12 Agent Subset","Cognitive/Code Complexity",-6,0.25650087017316,0.108809102079749,0.0432350300968509,0.469766710249469,TRUE,29.2399890410887
"L12 Agent Subset","Cognitive/Code Complexity",-5,0.136679700293972,0.0848568246005086,-0.0296396759230243,0.302999076510969,FALSE,14.6460878622923
"L12 Agent Subset","Cognitive/Code Complexity",-4,0.00840682255028989,0.0877720953943659,-0.163626484422667,0.180440129523247,FALSE,0.844225911635266
"L12 Agent Subset","Cognitive/Code Complexity",-3,0.143182891277313,0.111673311922959,-0.0756968000916874,0.362062582646314,FALSE,15.3940828079968
"L12 Agent Subset","Cognitive/Code Complexity",-2,0.0825434497740314,0.0680973109825853,-0.0509272797518359,0.216014179299899,FALSE,8.60458608611498
"L12 Agent Subset","Cognitive/Code Complexity",0,0.351719002585766,0.067908949445689,0.218617461672216,0.484820543499317,TRUE,42.1509027231504
"L12 Agent Subset","Cognitive/Code Complexity",1,0.405418190997746,0.125529644063384,0.159380088633514,0.651456293361977,TRUE,49.9929625985257
"L12 Agent Subset","Cognitive/Code Complexity",2,0.463508628548936,0.0967484678549483,0.273881631553237,0.653135625544634,TRUE,58.9641673966359
"L12 Agent Subset","Cognitive/Code Complexity",3,0.553124058824296,0.102851935548225,0.351534265149774,0.754713852498818,TRUE,73.8676269119773
"L12 Agent Subset","Cognitive/Code Complexity",4,0.619355615528161,0.120857363073189,0.382475183904711,0.856236047151611,TRUE,85.7730563341623
"L12 Agent Subset","Cognitive/Code Complexity",5,0.648966598057184,0.136394168292036,0.381634028204793,0.916299167909575,TRUE,91.3562327869187
"L12 Agent Subset","Cognitive/Code Complexity",6,0.584897021187078,0.153565263951102,0.283909103842919,0.885884938531237,TRUE,79.4806149116279
"L3 Agent Subset","Commits",-6,0.379243281279186,0.268312300091825,-0.146648826900791,0.905135389459162,FALSE,46.1178469873713
"L3 Agent Subset","Commits",-5,0.150572975670542,0.175651729885823,-0.193704414905671,0.494850366246756,FALSE,16.2500136234741
"L3 Agent Subset","Commits",-4,0.159207342739784,0.122096670979904,-0.0801021323808273,0.398516817860395,FALSE,17.2581047644274
"L3 Agent Subset","Commits",-3,0.203646121783447,0.111031400226947,-0.0139754226613694,0.421267666228264,FALSE,22.5864270028178
"L3 Agent Subset","Commits",-2,0.112127100527356,0.109192704664368,-0.101890600614806,0.326144801669517,FALSE,11.8655033254403
"L3 Agent Subset","Commits",0,0.682054843831703,0.124863511495565,0.437322361300396,0.92678732636301,TRUE,97.7937912802923
"L3 Agent Subset","Commits",1,0.432468202192431,0.168375422751796,0.102452373598911,0.76248403078595,TRUE,54.1056472296442
"L3 Agent Subset","Commits",2,0.297346823829078,0.139777695096633,0.0233825414396782,0.571311106218478,TRUE,34.6282141214729
"L3 Agent Subset","Commits",3,0.22386824818953,0.153113838104841,-0.0762348744959582,0.523971370875019,FALSE,25.0906199414433
"L3 Agent Subset","Commits",4,0.0483454229997968,0.141056605251934,-0.228125523293993,0.324816369293586,FALSE,4.95331255987121
"L3 Agent Subset","Commits",5,0.0986031721849229,0.162623998350738,-0.220139864582524,0.417346208952369,FALSE,10.3628262259968
"L3 Agent Subset","Commits",6,0.0153787034961054,0.168945473649427,-0.315754424856771,0.346511831848982,FALSE,1.54975642833202
"L3 Agent Subset","Lines Added",-6,0.250229344910168,0.655826602912181,-1.03519079679771,1.53564948661804,FALSE,28.431993515345
"L3 Agent Subset","Lines Added",-5,-0.232392926427817,0.374219775907993,-0.965863687207484,0.50107783435185,FALSE,-20.7365384977072
"L3 Agent Subset","Lines Added",-4,-0.121075922886032,0.318411699970731,-0.745162854828666,0.503011009056601,FALSE,-11.4033308108848
"L3 Agent Subset","Lines Added",-3,0.324333028269808,0.276693050488232,-0.217985350687126,0.866651407226742,FALSE,38.3107844441641
"L3 Agent Subset","Lines Added",-2,-0.355515832591901,0.241202784643071,-0.828273290492321,0.117241625308519,FALSE,-29.9188151636789
"L3 Agent Subset","Lines Added",0,1.01152403317858,0.239705990692471,0.541700291421334,1.48134777493582,TRUE,174.978859225173
"L3 Agent Subset","Lines Added",1,0.705213891728645,0.3342614006931,0.0500615463701692,1.36036623708712,TRUE,102.427961528676
"L3 Agent Subset","Lines Added",2,0.661345341294499,0.27195056551149,0.128322232891978,1.19436844969702,TRUE,93.739704214336
"L3 Agent Subset","Lines Added",3,0.420880602916146,0.260771041894943,-0.0902306391979429,0.931991845030234,FALSE,52.3302389687322
"L3 Agent Subset","Lines Added",4,0.0698485475431869,0.299300070234161,-0.516779590115769,0.656476685202143,FALSE,7.23457595551065
"L3 Agent Subset","Lines Added",5,0.526565706656669,0.407113663939774,-0.271377074665288,1.32450848797863,FALSE,69.3107684159609
"L3 Agent Subset","Lines Added",6,0.739590400747452,0.457677416254361,-0.157457335111096,1.636638136606,FALSE,109.507719666941
"L3 Agent Subset","Duplicated Lines Density",-6,0.0437914575777845,0.117930934596851,-0.187353174232044,0.274936089387613,FALSE,4.47644544585144
"L3 Agent Subset","Duplicated Lines Density",-5,0.024165814249923,0.10061506167123,-0.173039706625687,0.221371335125533,FALSE,2.44601739032706
"L3 Agent Subset","Duplicated Lines Density",-4,-0.0343554514002044,0.0701626061561583,-0.171874159466275,0.103163256665866,FALSE,-3.37720035033728
"L3 Agent Subset","Duplicated Lines Density",-3,0.0187917159387447,0.0804210357054545,-0.138833514043946,0.176416945921435,FALSE,1.8969391430139
"L3 Agent Subset","Duplicated Lines Density",-2,0.00767729627907042,0.0748572922554983,-0.139042996541706,0.154397589099847,FALSE,0.770684228088658
"L3 Agent Subset","Duplicated Lines Density",0,0.0415039389521318,0.0719863849092285,-0.099589375469956,0.18259725337422,FALSE,4.23772677175478
"L3 Agent Subset","Duplicated Lines Density",1,0.087988010713172,0.0779077176199531,-0.064711115821936,0.24068713724828,FALSE,9.19750299478723
"L3 Agent Subset","Duplicated Lines Density",2,0.128009358223286,0.0937250719773007,-0.0556917828522236,0.311710499298795,FALSE,13.6563638863603
"L3 Agent Subset","Duplicated Lines Density",3,0.0617543135428757,0.0975161874624118,-0.129377413883452,0.252886040969203,FALSE,6.3700975697774
"L3 Agent Subset","Duplicated Lines Density",4,0.150753376085561,0.110392501527031,-0.0656159269074199,0.367122679078542,FALSE,16.2709870659297
"L3 Agent Subset","Duplicated Lines Density",5,0.13623796544166,0.122663865565842,-0.10418321106739,0.37665914195071,FALSE,14.5954558733826
"L3 Agent Subset","Duplicated Lines Density",6,0.164279386898327,0.167018592606831,-0.163077054611061,0.491635828407715,FALSE,17.8543538724024
"L3 Agent Subset","% Comment Lines",-6,-0.0143167223376614,0.0430497608929735,-0.0986942536878894,0.0700608090125667,FALSE,-1.42147254025196
"L3 Agent Subset","% Comment Lines",-5,-0.0592697670347146,0.0768076843050895,-0.20981282827269,0.0912732942032608,FALSE,-5.75475077533151
"L3 Agent Subset","% Comment Lines",-4,0.00218594939135211,0.0536222484584182,-0.102913657587148,0.107285556369852,FALSE,0.218834032055559
"L3 Agent Subset","% Comment Lines",-3,0.0279023939326214,0.0456106406358386,-0.0614944617136222,0.117299249578865,FALSE,2.82953116615345
"L3 Agent Subset","% Comment Lines",-2,0.0323266874651014,0.0403296553849266,-0.0467194370893548,0.111372812019558,FALSE,3.28548709351602
"L3 Agent Subset","% Comment Lines",0,-0.0177164725425779,0.0354461540056942,-0.0871909343937385,0.0517579893085827,FALSE,-1.75604585407928
"L3 Agent Subset","% Comment Lines",1,-0.0367932535526211,0.039865848198766,-0.114930316022202,0.0413438089169603,FALSE,-3.61246074363885
"L3 Agent Subset","% Comment Lines",2,-0.0449584182898161,0.04953757562734,-0.142052066519402,0.0521352299397703,FALSE,-4.39627653301842
"L3 Agent Subset","% Comment Lines",3,-0.058925511396554,0.0498800536480081,-0.15669041654665,0.0388393937535417,FALSE,-5.7223007316813
"L3 Agent Subset","% Comment Lines",4,-0.0062105384223086,0.0567637237420489,-0.117467436956724,0.105046360112107,FALSE,-0.619129289087661
"L3 Agent Subset","% Comment Lines",5,-0.0199884162014956,0.0643135565617541,-0.146042987062534,0.106066154659543,FALSE,-1.97899722035548
"L3 Agent Subset","% Comment Lines",6,-0.0489782216627398,0.101684908818012,-0.248280642946043,0.150324199620564,FALSE,-4.77981331539103
"L3 Agent Subset","Static Analysis Warnings",-6,-0.0219839574626667,0.0711824185273737,-0.161501497776319,0.117533582850986,FALSE,-2.17440713674161
"L3 Agent Subset","Static Analysis Warnings",-5,0.0239131450151121,0.0476227475908597,-0.069427440262973,0.117253730293197,FALSE,2.42013570339432
"L3 Agent Subset","Static Analysis Warnings",-4,0.0404023346640139,0.0773492817855582,-0.11120225763568,0.192006926963708,FALSE,4.12296126964995
"L3 Agent Subset","Static Analysis Warnings",-3,0.0297666990288314,0.0890619210572998,-0.144794666243476,0.204328064301139,FALSE,3.02141559513014
"L3 Agent Subset","Static Analysis Warnings",-2,0.0820118850866831,0.0717541114831807,-0.0586261734203511,0.222649943593717,FALSE,8.54687106426031
"L3 Agent Subset","Static Analysis Warnings",0,0.0361368460424742,0.10071703268339,-0.161268538016969,0.233542230101918,FALSE,3.67977184480104
"L3 Agent Subset","Static Analysis Warnings",1,0.0246605158896363,0.117209759406206,-0.205070612546528,0.254391644325801,FALSE,2.49671014097173
"L3 Agent Subset","Static Analysis Warnings",2,-0.00155286035915967,0.137880523556969,-0.271798686530818,0.268692965812499,FALSE,-0.155165529535817
"L3 Agent Subset","Static Analysis Warnings",3,0.0409107688981275,0.137634546688987,-0.228852942612286,0.310674480408541,FALSE,4.17591440817022
"L3 Agent Subset","Static Analysis Warnings",4,0.114768932530486,0.13905682259325,-0.157782439752284,0.387320304813256,FALSE,12.1614239062929
"L3 Agent Subset","Static Analysis Warnings",5,0.30982717445098,0.181103641084181,-0.0451359620740155,0.664790310975975,FALSE,36.3189499798954
"L3 Agent Subset","Static Analysis Warnings",6,0.0257874396734024,0.178190117727222,-0.323465191071953,0.375040070418758,FALSE,2.61228122906045
"L3 Agent Subset","Cognitive/Code Complexity",-6,-0.0923485786415137,0.0964192513305479,-0.281330311249388,0.0966331539663602,FALSE,-8.8212735421682
"L3 Agent Subset","Cognitive/Code Complexity",-5,0.0525274555404623,0.0745006945477191,-0.0934939057730672,0.198548816853992,FALSE,5.39314979401968
"L3 Agent Subset","Cognitive/Code Complexity",-4,0.0862456543339716,0.109228067537077,-0.127841358038698,0.300332666706642,FALSE,9.00740768383139
"L3 Agent Subset","Cognitive/Code Complexity",-3,0.0216469190341309,0.0989791395400858,-0.172352194464437,0.215646032532699,FALSE,2.18829133597729
"L3 Agent Subset","Cognitive/Code Complexity",-2,0.0636045702214143,0.0781309077137577,-0.0895320088975509,0.21674114934038,FALSE,6.56709174189403
"L3 Agent Subset","Cognitive/Code Complexity",0,0.0484630090828259,0.101625588826481,-0.150723145017077,0.247649163182729,FALSE,4.96565433439229
"L3 Agent Subset","Cognitive/Code Complexity",1,0.077603845879207,0.115362599080491,-0.148506848318555,0.303714540076969,FALSE,8.06944522972279
"L3 Agent Subset","Cognitive/Code Complexity",2,0.0309356479041757,0.132666552697952,-0.229090795383809,0.290962091192161,FALSE,3.14191277682794
"L3 Agent Subset","Cognitive/Code Complexity",3,0.0810084151449709,0.138384266845716,-0.190224747872632,0.352241578162574,FALSE,8.4380021743452
"L3 Agent Subset","Cognitive/Code Complexity",4,0.211669608969273,0.121521696883754,-0.0265129169228845,0.44985213486143,FALSE,23.5739540365051
"L3 Agent Subset","Cognitive/Code Complexity",5,0.391994029311737,0.162981516995204,0.072550256001137,0.711437802622337,TRUE,47.9928875181944
"L3 Agent Subset","Cognitive/Code Complexity",6,0.347985823583512,0.172899680513996,0.00910244977608021,0.686869197390945,TRUE,41.6212172784118
"L4 Agent Subset","Commits",-6,0.326846955762239,0.204352218146034,-0.0736833918039883,0.727377303328467,FALSE,38.6589251445679
"L4 Agent Subset","Commits",-5,0.00100671450122868,0.152300145325668,-0.29750157033708,0.299514999339537,FALSE,0.10072214083614
"L4 Agent Subset","Commits",-4,-0.0273562574691596,0.116462457744504,-0.255622674648387,0.200910159710068,FALSE,-2.69854639262765
"L4 Agent Subset","Commits",-3,-0.0747797468124093,0.115122127951512,-0.300419117597372,0.150859623972554,FALSE,-7.20521527065659
"L4 Agent Subset","Commits",-2,-0.112099163657267,0.10361015865278,-0.315175074616716,0.0909767473021818,FALSE,-10.6044394802359
"L4 Agent Subset","Commits",0,0.649419623012442,0.118141324094345,0.417862627787526,0.880976618237358,TRUE,91.4429415748547
"L4 Agent Subset","Commits",1,0.622647900331236,0.124812680225115,0.37801504709001,0.867280753572461,TRUE,86.3856820601746
"L4 Agent Subset","Commits",2,0.396166396294929,0.130663991484327,0.140064972985647,0.652267819604211,TRUE,48.6116581271892
"L4 Agent Subset","Commits",3,0.266876668930538,0.129384725109977,0.0132826077149831,0.520470730146094,TRUE,30.5879380898038
"L4 Agent Subset","Commits",4,0.281574094084706,0.127153656532139,0.0323529272817131,0.530795260887698,TRUE,32.5214183215887
"L4 Agent Subset","Commits",5,0.17840358085593,0.122549140713856,-0.0617927349432281,0.418599896655089,FALSE,19.5307627178808
"L4 Agent Subset","Commits",6,0.0667568831363052,0.164278090914853,-0.255228175056806,0.388741941329417,FALSE,6.903554600981
"L4 Agent Subset","Lines Added",-6,1.05711616104359,0.439476240023482,0.195742730597564,1.91848959148961,TRUE,187.805915092852
"L4 Agent Subset","Lines Added",-5,0.107776019236049,0.339521859130603,-0.557686824659933,0.773238863132031,FALSE,11.3798248063721
"L4 Agent Subset","Lines Added",-4,0.162497281403935,0.233774569828137,-0.295700875459213,0.620695438267083,FALSE,17.6445120165269
"L4 Agent Subset","Lines Added",-3,-0.0502169687209646,0.292886296833705,-0.624274110515026,0.523840173073097,FALSE,-4.89769401427178
"L4 Agent Subset","Lines Added",-2,-0.0346155720233058,0.24081466516833,-0.506612315753233,0.437381171706622,FALSE,-3.40233066458976
"L4 Agent Subset","Lines Added",0,0.871343710942991,0.215298857436953,0.449357950366563,1.29332947151942,TRUE,139.01203275779
"L4 Agent Subset","Lines Added",1,0.799715243941032,0.240648117928853,0.32804493280048,1.27138555508158,TRUE,122.490728245015
"L4 Agent Subset","Lines Added",2,0.401938529398568,0.283888208653024,-0.154482359561358,0.958359418358495,FALSE,49.4719448548512
"L4 Agent Subset","Lines Added",3,0.58459994839535,0.254993355588931,0.0848129714410449,1.08438692534965,TRUE,79.4273040232943
"L4 Agent Subset","Lines Added",4,0.524488837116537,0.27935426045138,-0.0230455133681673,1.07202318760124,FALSE,68.9594969370031
"L4 Agent Subset","Lines Added",5,0.467254324015447,0.252765617680096,-0.0281662866375408,0.962674934668434,FALSE,59.5607153037113
"L4 Agent Subset","Lines Added",6,0.338061971961441,0.412652660123905,-0.470737241881412,1.14686118580429,FALSE,40.2227399495066
"L4 Agent Subset","Duplicated Lines Density",-6,-0.0711576979357423,0.0310952884895019,-0.132104463375166,-0.0102109324963186,TRUE,-6.86849859085331
"L4 Agent Subset","Duplicated Lines Density",-5,-0.146346669088472,0.0550538457119886,-0.254252206683969,-0.0384411314929742,TRUE,-13.6141821657614
"L4 Agent Subset","Duplicated Lines Density",-4,-0.0674677129600617,0.0489997928730619,-0.163507306991263,0.0285718810711397,FALSE,-6.52420993055155
"L4 Agent Subset","Duplicated Lines Density",-3,0.0028718762282293,0.0513776866724792,-0.0978283896498299,0.103572142106289,FALSE,0.28760040153164
"L4 Agent Subset","Duplicated Lines Density",-2,-0.045301710408964,0.0542238587993774,-0.151580473655744,0.0609770528378157,FALSE,-4.42909090506591
"L4 Agent Subset","Duplicated Lines Density",0,0.0498641070241393,0.0596708571505829,-0.0670907729910032,0.166818987039282,FALSE,5.11282457247211
"L4 Agent Subset","Duplicated Lines Density",1,0.0246200793417973,0.0649573762279876,-0.102696378065058,0.151936536748653,FALSE,2.49256561164457
"L4 Agent Subset","Duplicated Lines Density",2,0.0436641704712352,0.0656325619287278,-0.0849756509090712,0.172303991851542,FALSE,4.46314778773624
"L4 Agent Subset","Duplicated Lines Density",3,0.0366224080291007,0.069305342183717,-0.0992160626509846,0.172460878709186,FALSE,3.73012702508231
"L4 Agent Subset","Duplicated Lines Density",4,0.0702050257695506,0.076059110608188,-0.078870831022498,0.219280882561599,FALSE,7.27280956127123
"L4 Agent Subset","Duplicated Lines Density",5,0.0693599363216446,0.0886080458872094,-0.104311833617286,0.243031706260575,FALSE,7.18219273691785
"L4 Agent Subset","Duplicated Lines Density",6,0.126732861525227,0.120074896312771,-0.108613935247804,0.362079658298258,FALSE,13.511374472088
"L4 Agent Subset","% Comment Lines",-6,0.00542455968295224,0.0230458623894301,-0.0397453306003308,0.0505944499662352,FALSE,0.543929924665787
"L4 Agent Subset","% Comment Lines",-5,0.000796148289355554,0.0342429677489192,-0.066320068498526,0.0679123650772371,FALSE,0.079646529952826
"L4 Agent Subset","% Comment Lines",-4,-0.00887111686335431,0.0313116254970395,-0.0702419028375516,0.052499669110843,FALSE,-0.883188460318596
"L4 Agent Subset","% Comment Lines",-3,0.00717142388051424,0.0256675980078205,-0.043137068214814,0.0574799159758425,FALSE,0.71972001213596
"L4 Agent Subset","% Comment Lines",-2,-0.0261389537223118,0.033325708337694,-0.0914573420641921,0.0391794346195685,FALSE,-2.58002884728689
"L4 Agent Subset","% Comment Lines",0,0.0224242322252055,0.0289972912613306,-0.0344104586470024,0.0792589230974135,FALSE,2.26775452269667
"L4 Agent Subset","% Comment Lines",1,-0.0173288643669231,0.0420070140246871,-0.0996626118553099,0.0650048831214637,FALSE,-1.71795831319941
"L4 Agent Subset","% Comment Lines",2,-0.0308962499310541,0.0443048567419111,-0.1177337691452,0.0559412692830916,FALSE,-3.04238385484908
"L4 Agent Subset","% Comment Lines",3,-0.0515044513393226,0.0483881602087199,-0.146345245348414,0.0433363426697684,FALSE,-5.02005779267264
"L4 Agent Subset","% Comment Lines",4,-0.0112578139713283,0.0449312175234241,-0.0993230003172395,0.076807372374583,FALSE,-1.11946819153591
"L4 Agent Subset","% Comment Lines",5,-0.0348706383722331,0.0456599642394682,-0.124364168281591,0.0546228915371246,FALSE,-3.42696633742291
"L4 Agent Subset","% Comment Lines",6,0.0648278704974952,0.0464633497906343,-0.0262402950921481,0.155896036087138,FALSE,6.69753506405204
"L4 Agent Subset","Static Analysis Warnings",-6,0.029104308561278,0.075449065137125,-0.118775859107487,0.176984476230043,FALSE,2.95319778739311
"L4 Agent Subset","Static Analysis Warnings",-5,0.01140003535652,0.0720680524846559,-0.129853347513406,0.152653418226446,FALSE,1.14652633912322
"L4 Agent Subset","Static Analysis Warnings",-4,0.00356736654990962,0.0608259975659484,-0.115651588679349,0.122786321779168,FALSE,0.357373717515963
"L4 Agent Subset","Static Analysis Warnings",-3,0.0167272651743097,0.0534081679155868,-0.0879527439402405,0.12140727428886,FALSE,1.68679491994295
"L4 Agent Subset","Static Analysis Warnings",-2,-0.0371647316982768,0.0755088836401298,-0.185162143632931,0.110832680236378,FALSE,-3.6482599582615
"L4 Agent Subset","Static Analysis Warnings",0,0.0968396999659998,0.0709309027627883,-0.0421848694490652,0.235864269381065,FALSE,10.1683759521657
"L4 Agent Subset","Static Analysis Warnings",1,0.0675466947828299,0.0894987260949092,-0.107870808363192,0.242964197928852,FALSE,6.98802162558874
"L4 Agent Subset","Static Analysis Warnings",2,0.0637676583357212,0.0942111389280695,-0.120886173963295,0.248421490634738,FALSE,6.58447298523195
"L4 Agent Subset","Static Analysis Warnings",3,0.0551680443203662,0.0987862777471098,-0.138453060063969,0.248789148704701,FALSE,5.67181752436314
"L4 Agent Subset","Static Analysis Warnings",4,0.111327807181755,0.0869632924163006,-0.0591202459541937,0.281775860317705,FALSE,11.7761256972601
"L4 Agent Subset","Static Analysis Warnings",5,0.133253449701121,0.086310959230497,-0.0359160303906532,0.302422929792895,FALSE,14.253953794189
"L4 Agent Subset","Static Analysis Warnings",6,0.0801847839861718,0.116096860421655,-0.147365062440271,0.307734630412615,FALSE,8.34872602731154
"L4 Agent Subset","Cognitive/Code Complexity",-6,-0.00394163010572235,0.0481942513814752,-0.0984023628134136,0.090519102601969,FALSE,-0.393387207821605
"L4 Agent Subset","Cognitive/Code Complexity",-5,-0.0372686370006963,0.082946591660869,-0.199843956655999,0.125306682654607,FALSE,-3.65827089484548
"L4 Agent Subset","Cognitive/Code Complexity",-4,0.108758799485441,0.0818241236415352,-0.0516164828519683,0.26913408182285,FALSE,11.4893405044904
"L4 Agent Subset","Cognitive/Code Complexity",-3,0.0646241472015923,0.0709995154828934,-0.0745349031448788,0.203783197548064,FALSE,6.67580050453731
"L4 Agent Subset","Cognitive/Code Complexity",-2,-0.00574525731662123,0.0857310512318372,-0.173778117731022,0.16228760309778,FALSE,-0.572878488701734
"L4 Agent Subset","Cognitive/Code Complexity",0,0.185803578282909,0.0836794080794639,0.0217919384471595,0.349815218118658,TRUE,20.4185708921826
"L4 Agent Subset","Cognitive/Code Complexity",1,0.232101455948429,0.113676653194687,0.00929521568684138,0.454907696210016,TRUE,26.1247683417267
"L4 Agent Subset","Cognitive/Code Complexity",2,0.203263096383716,0.123163646667186,-0.0381376510839684,0.4446638438514,FALSE,22.5394822786982
"L4 Agent Subset","Cognitive/Code Complexity",3,0.193526310746092,0.130123153693402,-0.0615150704929751,0.448567691985159,FALSE,21.3521314782661
"L4 Agent Subset","Cognitive/Code Complexity",4,0.217598759537856,0.12324211467366,-0.0239557852225174,0.459153304298229,FALSE,24.3088190260918
"L4 Agent Subset","Cognitive/Code Complexity",5,0.247046466402555,0.126493291199977,-0.000880384349399604,0.494973317154509,FALSE,28.0238599478322
"L4 Agent Subset","Cognitive/Code Complexity",6,0.136795427031739,0.139027493874347,-0.135698460961982,0.40928931502546,FALSE,14.659356247777
"L2+ Agent Subset","Commits",-6,0.303092025174382,0.176476433236835,-0.0428017839698146,0.648985834318578,FALSE,35.4039064390055
"L2+ Agent Subset","Commits",-5,0.0546200516012765,0.101269528861692,-0.143868224967639,0.253108328170192,FALSE,5.61392600126212
"L2+ Agent Subset","Commits",-4,0.0649031426130612,0.0774425581476965,-0.086884271356424,0.216690556582546,FALSE,6.7055667155179
"L2+ Agent Subset","Commits",-3,0.0444606058272665,0.0754902459492015,-0.103500276233168,0.192421487887701,FALSE,4.54637907180586
"L2+ Agent Subset","Commits",-2,-0.034341444479435,0.0659698335258727,-0.163642318190146,0.0949594292312755,FALSE,-3.37584695295963
"L2+ Agent Subset","Commits",0,0.687212416298077,0.0804413319247168,0.529547405725632,0.844877426870521,TRUE,98.8165623329408
"L2+ Agent Subset","Commits",1,0.513583691392791,0.0908051432680607,0.335605610587392,0.69156177219819,TRUE,67.1269790990785
"L2+ Agent Subset","Commits",2,0.374743131799262,0.0872486605525802,0.203735757116205,0.545750506482319,TRUE,45.4617721588422
"L2+ Agent Subset","Commits",3,0.263641080660493,0.0911562733276304,0.0849747849383377,0.442307376382649,TRUE,30.1660921170781
"L2+ Agent Subset","Commits",4,0.149698398903073,0.0910933029757723,-0.0288444749294406,0.328241272735587,FALSE,16.148388508301
"L2+ Agent Subset","Commits",5,0.133377888396036,0.0900640300791195,-0.0431476105590381,0.30990338735111,FALSE,14.2681722917354
"L2+ Agent Subset","Commits",6,0.0909032893977519,0.110483712811886,-0.125644787713545,0.307451366509049,FALSE,9.51630862551711
"L2+ Agent Subset","Lines Added",-6,0.466361804403261,0.434785622316462,-0.385818015337005,1.31854162414353,FALSE,59.4183677694009
"L2+ Agent Subset","Lines Added",-5,0.0168635338006745,0.225108202579369,-0.424348543254888,0.458075610856237,FALSE,1.70065258396712
"L2+ Agent Subset","Lines Added",-4,0.00168646482849641,0.17463926740175,-0.340606499278933,0.343979428935926,FALSE,0.168788771007278
"L2+ Agent Subset","Lines Added",-3,0.0910873824514743,0.198619243660467,-0.298206335123042,0.48038110002599,FALSE,9.53647167308593
"L2+ Agent Subset","Lines Added",-2,-0.146997827547116,0.155006612845975,-0.450810788725226,0.156815133630994,FALSE,-13.6704147116152
"L2+ Agent Subset","Lines Added",0,0.927699675261167,0.153306637982835,0.627218664814811,1.22818068570752,TRUE,152.868568398693
"L2+ Agent Subset","Lines Added",1,0.721398369130394,0.178382924429094,0.37176783724937,1.07102890101142,TRUE,105.730807621928
"L2+ Agent Subset","Lines Added",2,0.615091942246142,0.188728951217818,0.245183197859218,0.985000686633066,TRUE,84.9826668958843
"L2+ Agent Subset","Lines Added",3,0.544861995296823,0.17253949441311,0.206684586247126,0.883039404346519,TRUE,72.4370394730613
"L2+ Agent Subset","Lines Added",4,0.30537335231927,0.190125611945597,-0.0672728470940994,0.67801955173264,FALSE,35.713159666055
"L2+ Agent Subset","Lines Added",5,0.661857138431728,0.213058113977918,0.244263235035009,1.07945104182845,TRUE,93.8388850183814
"L2+ Agent Subset","Lines Added",6,0.704030319611984,0.289103076815523,0.13738828905356,1.27067235017041,TRUE,102.188515166749
"L2+ Agent Subset","Duplicated Lines Density",-6,0.00932730871633095,0.0736837953421284,-0.135092930154241,0.153747547586903,FALSE,0.937094362016722
"L2+ Agent Subset","Duplicated Lines Density",-5,-0.0112343983037719,0.0531938979644583,-0.11549443831411,0.0930256417065663,FALSE,-1.1171528107673
"L2+ Agent Subset","Duplicated Lines Density",-4,-0.0301309368713488,0.0378890907330261,-0.10439355470808,0.0441316809653824,FALSE,-2.96815252349477
"L2+ Agent Subset","Duplicated Lines Density",-3,0.00747081680635481,0.0425471841024912,-0.0759216640345279,0.0908632976472375,FALSE,0.749879298313427
"L2+ Agent Subset","Duplicated Lines Density",-2,-0.0306137520238852,0.0415608499109262,-0.112073017849301,0.05084551380153,FALSE,-3.0149896619851
"L2+ Agent Subset","Duplicated Lines Density",0,0.074179988291924,0.0444080480639734,-0.0128597859134638,0.161219762497312,FALSE,7.70006355569208
"L2+ Agent Subset","Duplicated Lines Density",1,0.0591166664010793,0.0470490235250259,-0.0330994197079715,0.15133275251013,FALSE,6.08990047892628
"L2+ Agent Subset","Duplicated Lines Density",2,0.0562031515873547,0.0498780928401667,-0.041557910379372,0.153964213554081,FALSE,5.78125582101512
"L2+ Agent Subset","Duplicated Lines Density",3,0.0469336175665658,0.0534332547321385,-0.0577955617084256,0.151662796841557,FALSE,4.80524344994475
"L2+ Agent Subset","Duplicated Lines Density",4,0.0865528466512526,0.0589659570373521,-0.0290204291419575,0.202126122444463,FALSE,9.04089906588283
"L2+ Agent Subset","Duplicated Lines Density",5,0.0570748849201552,0.0645953294480912,-0.0695319607981036,0.183681730638414,FALSE,5.87350907197468
"L2+ Agent Subset","Duplicated Lines Density",6,0.101896366432549,0.0847922926489365,-0.0642965271593668,0.268089260024464,FALSE,10.7268715574619
"L2+ Agent Subset","% Comment Lines",-6,0.00660507313950387,0.0248782144912775,-0.0421562272634,0.0553663735424078,FALSE,0.662693474108056
"L2+ Agent Subset","% Comment Lines",-5,-0.0330786248123369,0.0331607872366909,-0.098073767796251,0.0319165181715771,FALSE,-3.25375099581283
"L2+ Agent Subset","% Comment Lines",-4,-0.017930131799633,0.0247583958508608,-0.0664565876673202,0.0305963240680541,FALSE,-1.77703434206004
"L2+ Agent Subset","% Comment Lines",-3,0.00598819032917952,0.0207221159845957,-0.034627157000628,0.0466035376589871,FALSE,0.600615538237315
"L2+ Agent Subset","% Comment Lines",-2,-0.0111862950368503,0.0229947978649084,-0.0562560988520707,0.0338835087783702,FALSE,-1.11239610836944
"L2+ Agent Subset","% Comment Lines",0,6.00836766644559e-05,0.0223363444535335,-0.0437191514522612,0.0438393188055901,FALSE,0.00600854817247587
"L2+ Agent Subset","% Comment Lines",1,-0.0262533743254693,0.0267050505310286,-0.0785952733662854,0.0260885247153467,FALSE,-2.59117506145533
"L2+ Agent Subset","% Comment Lines",2,-0.0257489157973215,0.0294593829798926,-0.0834893064379109,0.031991474843268,FALSE,-2.54202395269255
"L2+ Agent Subset","% Comment Lines",3,-0.0399416707714724,0.0316939885102208,-0.102061888251505,0.0221785467085604,FALSE,-3.91545171064354
"L2+ Agent Subset","% Comment Lines",4,-0.00305123333520949,0.030788674509061,-0.0633970353729691,0.0572945687025501,FALSE,-0.304658305367689
"L2+ Agent Subset","% Comment Lines",5,0.0022726818762709,0.0342667577950942,-0.0648901634021137,0.0694355271546555,FALSE,0.227526637527009
"L2+ Agent Subset","% Comment Lines",6,0.0634575828729004,0.044270196267478,-0.0233120018113564,0.150227167557157,FALSE,6.55142887878959
"L2+ Agent Subset","Static Analysis Warnings",-6,-0.0275318131681133,0.0521453108727749,-0.129736622478752,0.0746729961425254,FALSE,-2.71562671800681
"L2+ Agent Subset","Static Analysis Warnings",-5,0.0156522752713535,0.0419799927683145,-0.0666285105545429,0.0979330610972499,FALSE,1.57754137588955
"L2+ Agent Subset","Static Analysis Warnings",-4,-0.00277983035960076,0.0446564199002408,-0.0903064133640727,0.0847467526448712,FALSE,-0.277597020886988
"L2+ Agent Subset","Static Analysis Warnings",-3,0.0262192511703168,0.0428408056908508,-0.0577487279837508,0.110187230324384,FALSE,2.65659995979988
"L2+ Agent Subset","Static Analysis Warnings",-2,0.0211090996577268,0.0467710112461557,-0.0705620823847383,0.112780281700192,FALSE,2.13334726917143
"L2+ Agent Subset","Static Analysis Warnings",0,0.0825776380659107,0.0526668839298354,-0.0206494544365666,0.185804730568388,FALSE,8.60829915487491
"L2+ Agent Subset","Static Analysis Warnings",1,0.0571026526969442,0.0651721979223382,-0.0706348552308386,0.184840160624727,FALSE,5.87644898475967
"L2+ Agent Subset","Static Analysis Warnings",2,0.0553907858564948,0.0722337047916298,-0.0861872755350996,0.196968847248089,FALSE,5.69535764890845
"L2+ Agent Subset","Static Analysis Warnings",3,0.0811554734251821,0.0790931423659548,-0.0738670856120892,0.236178032462453,FALSE,8.45395005305956
"L2+ Agent Subset","Static Analysis Warnings",4,0.130033079975278,0.0750468453088543,-0.0170587368300761,0.277124896780633,FALSE,13.8866056362497
"L2+ Agent Subset","Static Analysis Warnings",5,0.175135669181001,0.082492580271775,0.0134502118483215,0.33682112651368,TRUE,19.1407842974546
"L2+ Agent Subset","Static Analysis Warnings",6,0.0740598579670534,0.101494906487692,-0.124870158748822,0.272989874682929,FALSE,7.68712628916313
"L2+ Agent Subset","Cognitive/Code Complexity",-6,-0.0761502429167394,0.0687594935647655,-0.21091885030368,0.058618364470201,FALSE,-7.33230305508159
"L2+ Agent Subset","Cognitive/Code Complexity",-5,0.0249984288082537,0.0598936796232647,-0.0923931832533451,0.142390040869852,FALSE,2.53135095590395
"L2+ Agent Subset","Cognitive/Code Complexity",-4,0.0368617493227447,0.0670112108838249,-0.0944802240095521,0.168203722655041,FALSE,3.7549568991629
"L2+ Agent Subset","Cognitive/Code Complexity",-3,0.0572079882685169,0.0669631161486298,-0.0740397193827975,0.188455695919831,FALSE,5.88760212843065
"L2+ Agent Subset","Cognitive/Code Complexity",-2,0.00838533576066146,0.0540130363435275,-0.0974802154726524,0.114250886993975,FALSE,0.842059116246685
"L2+ Agent Subset","Cognitive/Code Complexity",0,0.158975878280124,0.059160665749756,0.043020973410602,0.274930783149646,TRUE,17.2309668214232
"L2+ Agent Subset","Cognitive/Code Complexity",1,0.179625503443348,0.0747971997587493,0.0330229919161993,0.326228014970496,TRUE,19.6769093284751
"L2+ Agent Subset","Cognitive/Code Complexity",2,0.159401518538991,0.0856799473889864,-0.0085311783434224,0.327334215421404,FALSE,17.2808756613406
"L2+ Agent Subset","Cognitive/Code Complexity",3,0.1652225646119,0.090945061596091,-0.0130297561164385,0.343474885340238,FALSE,17.9655639095924
"L2+ Agent Subset","Cognitive/Code Complexity",4,0.223476838754918,0.0853754221841285,0.0561410112740262,0.39081266623581,TRUE,25.0416678733923
"L2+ Agent Subset","Cognitive/Code Complexity",5,0.253296273911653,0.0924539508909652,0.0720865301653613,0.434506017657945,TRUE,28.8264899580451
"L2+ Agent Subset","Cognitive/Code Complexity",6,0.168134392570586,0.101136439406772,-0.030093028666688,0.366361813807859,FALSE,18.3095599222958
"L3+ Agent Subset","Commits",-6,0.377119902130467,0.205867850796257,-0.0263810854301976,0.780620889691131,FALSE,45.8079125684151
"L3+ Agent Subset","Commits",-5,0.0595401900667509,0.118218516980759,-0.172168103215537,0.291248483349039,FALSE,6.13484157860573
"L3+ Agent Subset","Commits",-4,0.0729391555996501,0.0864439363291853,-0.096490959605553,0.242369270804853,FALSE,7.56650867264057
"L3+ Agent Subset","Commits",-3,0.0814884977742757,0.0845729220990713,-0.084274429539904,0.247251425088455,FALSE,8.49007387390472
"L3+ Agent Subset","Commits",-2,-0.00466427697738219,0.0758922711216833,-0.153413128375881,0.144084574421117,FALSE,-0.465341613008274
"L3+ Agent Subset","Commits",0,0.66067827105506,0.0890693339298645,0.486102376552526,0.835254165557595,TRUE,93.6105093192826
"L3+ Agent Subset","Commits",1,0.536147996378181,0.102945346364187,0.334375117504373,0.737920875251988,TRUE,70.9409512202253
"L3+ Agent Subset","Commits",2,0.36004111349414,0.101868589584743,0.160378677908043,0.559703549080237,TRUE,43.3388344952236
"L3+ Agent Subset","Commits",3,0.26049608893296,0.102778267564965,0.0590506845056283,0.461941493360291,TRUE,29.7573638944972
"L3+ Agent Subset","Commits",4,0.180939766798488,0.101013536943223,-0.0170467656102291,0.378926299207206,FALSE,19.8342997084115
"L3+ Agent Subset","Commits",5,0.137894450679285,0.100256920347171,-0.0586091132011702,0.33439801455974,FALSE,14.7854388629027
"L3+ Agent Subset","Commits",6,0.0284718685869341,0.124998680280971,-0.216525544763769,0.273469281937637,FALSE,2.88810665491253
"L3+ Agent Subset","Lines Added",-6,0.577645713606742,0.499753385291301,-0.401870921564208,1.55716234877769,FALSE,78.1838530598498
"L3+ Agent Subset","Lines Added",-5,-0.057166451248346,0.259891462924145,-0.566553718579671,0.452220816082979,FALSE,-5.55631464107588
"L3+ Agent Subset","Lines Added",-4,0.0686609424107515,0.193714951223305,-0.311020361986926,0.448342246808429,FALSE,7.10729921494584
"L3+ Agent Subset","Lines Added",-3,0.175801254618392,0.213494122288417,-0.242647225066906,0.59424973430369,FALSE,19.2201090642587
"L3+ Agent Subset","Lines Added",-2,-0.125126133010365,0.172435935410359,-0.46310056641467,0.212848300393939,FALSE,-11.7614402386603
"L3+ Agent Subset","Lines Added",0,0.89516354142567,0.167115225742364,0.567617698970636,1.2227093838807,TRUE,144.773606297617
"L3+ Agent Subset","Lines Added",1,0.696313768801601,0.200092926039601,0.304131633763983,1.08849590383922,TRUE,100.634321435688
"L3+ Agent Subset","Lines Added",2,0.522083560599318,0.211559380715569,0.107427174396802,0.936739946801833,TRUE,68.5535909803847
"L3+ Agent Subset","Lines Added",3,0.543730386004538,0.190569610931671,0.170213948578463,0.917246823430613,TRUE,72.2420184814537
"L3+ Agent Subset","Lines Added",4,0.355191914275837,0.213341113468254,-0.0629566681219417,0.773340496673615,FALSE,42.6454384974533
"L3+ Agent Subset","Lines Added",5,0.474777215779297,0.21833649485932,0.0468376858550298,0.902716745703565,TRUE,60.7655997198085
"L3+ Agent Subset","Lines Added",6,0.427619651044798,0.319944826560397,-0.199472209013581,1.05471151110318,FALSE,53.3602665852296
"L3+ Agent Subset","Duplicated Lines Density",-6,-0.0133412967745185,0.0883494796353889,-0.186506276859881,0.159823683310844,FALSE,-1.32526961282113
"L3+ Agent Subset","Duplicated Lines Density",-5,-0.0721420364411434,0.0573648591280649,-0.184577160332151,0.0402930874498638,FALSE,-6.96012640996254
"L3+ Agent Subset","Duplicated Lines Density",-4,-0.0664677684209948,0.0413951546915257,-0.147602271616385,0.0146667347743955,FALSE,-6.43069257644511
"L3+ Agent Subset","Duplicated Lines Density",-3,-0.00786429915643809,0.0459226015087578,-0.0978725981136033,0.0821439998007272,FALSE,-0.783345646084799
"L3+ Agent Subset","Duplicated Lines Density",-2,-0.0254757879099203,0.0457719466747277,-0.115188803392387,0.064237227572546,FALSE,-2.51540182612726
"L3+ Agent Subset","Duplicated Lines Density",0,0.0475137533097844,0.0498992239141601,-0.0502887255619694,0.145316232181538,FALSE,4.86606235765215
"L3+ Agent Subset","Duplicated Lines Density",1,0.0547738072681016,0.0535327898648918,-0.0501504608670863,0.159698075403289,FALSE,5.63016598934354
"L3+ Agent Subset","Duplicated Lines Density",2,0.0653949116953596,0.0590066272937297,-0.0502580778003506,0.18104790119107,FALSE,6.75805411892103
"L3+ Agent Subset","Duplicated Lines Density",3,0.0390135007228714,0.0610375218452221,-0.0806200420937638,0.158647043539507,FALSE,3.97845213980672
"L3+ Agent Subset","Duplicated Lines Density",4,0.0882551343654399,0.067418379839095,-0.0438848901191863,0.220395158850066,FALSE,9.22667612684904
"L3+ Agent Subset","Duplicated Lines Density",5,0.0700334733629974,0.0764004000643766,-0.0797113107631807,0.219778257489176,FALSE,7.25440823107466
"L3+ Agent Subset","Duplicated Lines Density",6,0.114241405092329,0.10200115987819,-0.0856808682689242,0.314163678453582,FALSE,12.1022712813676
"L3+ Agent Subset","% Comment Lines",-6,0.0149393871835371,0.0291226080603305,-0.0421409246147107,0.0720196989817848,FALSE,1.50515376185254
"L3+ Agent Subset","% Comment Lines",-5,-0.0322665789411889,0.0405377494718842,-0.111720567906082,0.0471874100237041,FALSE,-3.17515669699087
"L3+ Agent Subset","% Comment Lines",-4,-0.0109784295408846,0.029785773020911,-0.0693585446618702,0.047401685580101,FALSE,-1.09183865102264
"L3+ Agent Subset","% Comment Lines",-3,0.0123629261455967,0.0244469604750098,-0.0355531163854224,0.0602789686766159,FALSE,1.2439663021752
"L3+ Agent Subset","% Comment Lines",-2,-0.00582151632498524,0.0266385489609754,-0.058033072288497,0.0463900396385265,FALSE,-0.580460413293971
"L3+ Agent Subset","% Comment Lines",0,0.0029616971347883,0.0226035044173299,-0.0413411715231783,0.0472645657927549,FALSE,0.296608729278369
"L3+ Agent Subset","% Comment Lines",1,-0.0325679230876552,0.030505567201463,-0.0923588348025226,0.0272229886272123,FALSE,-3.20432990094486
"L3+ Agent Subset","% Comment Lines",2,-0.0368527107459858,0.0344320473288875,-0.104339523510605,0.0306341020186337,FALSE,-3.61819150582915
"L3+ Agent Subset","% Comment Lines",3,-0.0518506744126638,0.0362223537061414,-0.122846487676701,0.0191451388513733,FALSE,-5.05293634818373
"L3+ Agent Subset","% Comment Lines",4,-0.00792033080785961,0.0352864934571233,-0.0770818579838213,0.0612411963681021,FALSE,-0.788904763332055
"L3+ Agent Subset","% Comment Lines",5,-0.0302666034582006,0.0373197908928935,-0.103413393608272,0.0428801866918705,FALSE,-2.98131561014213
"L3+ Agent Subset","% Comment Lines",6,0.0227648684261597,0.0473747762649772,-0.0700896930531956,0.115619429905515,FALSE,2.30259655596941
"L3+ Agent Subset","Static Analysis Warnings",-6,-0.0191499177910036,0.057057790398486,-0.130983186972036,0.092683351390029,FALSE,-1.89677229741388
"L3+ Agent Subset","Static Analysis Warnings",-5,0.0128889787769668,0.0463625964168226,-0.0779817102000054,0.103759667753939,FALSE,1.29723996820637
"L3+ Agent Subset","Static Analysis Warnings",-4,0.017066164265695,0.0486562828277386,-0.0783001500766727,0.112432478608063,FALSE,1.72126232250303
"L3+ Agent Subset","Static Analysis Warnings",-3,0.0275291677573915,0.0475841372054185,-0.0657357411652287,0.120794076680012,FALSE,2.79115965460728
"L3+ Agent Subset","Static Analysis Warnings",-2,0.0203203185528721,0.053803816062981,-0.0851351609305706,0.125775798036315,FALSE,2.05281817875766
"L3+ Agent Subset","Static Analysis Warnings",0,0.0856437661471458,0.0605960419952019,-0.0331244761634498,0.204412008457741,FALSE,8.94181715393265
"L3+ Agent Subset","Static Analysis Warnings",1,0.0656865784149337,0.0750237518798952,-0.0813599752696609,0.212733132099528,FALSE,6.78919643172136
"L3+ Agent Subset","Static Analysis Warnings",2,0.0589165472651019,0.0846017410226215,-0.106902865139236,0.22473595966944,FALSE,6.0686719838914
"L3+ Agent Subset","Static Analysis Warnings",3,0.0712981838305052,0.0883892764427235,-0.101944797997233,0.244541165658243,FALSE,7.39013981633736
"L3+ Agent Subset","Static Analysis Warnings",4,0.134165566949235,0.0842528337744618,-0.0309699872487099,0.29930112114718,FALSE,14.3582143378017
"L3+ Agent Subset","Static Analysis Warnings",5,0.215018824901645,0.0945145561752086,0.029770294798236,0.400267355005054,TRUE,23.9885237464016
"L3+ Agent Subset","Static Analysis Warnings",6,0.0811586272059161,0.118070294773939,-0.150259150551004,0.312576404962837,FALSE,8.45429209357713
"L3+ Agent Subset","Cognitive/Code Complexity",-6,-0.081877385748145,0.0762263836277988,-0.231281097658631,0.0675263261623406,FALSE,-7.86150733060791
"L3+ Agent Subset","Cognitive/Code Complexity",-5,0.00770400120170629,0.0600959503072398,-0.110084061400484,0.125492063803896,FALSE,0.773375337347693
"L3+ Agent Subset","Cognitive/Code Complexity",-4,0.100510365230647,0.0692348076806147,-0.0351898578233579,0.236210588284652,FALSE,10.5735102844054
"L3+ Agent Subset","Cognitive/Code Complexity",-3,0.04950936172016,0.0599774230897666,-0.0680463875357826,0.167065110976103,FALSE,5.07554290470629
"L3+ Agent Subset","Cognitive/Code Complexity",-2,0.0295510148804433,0.0596267610561302,-0.0873174367895719,0.146419466550458,FALSE,2.99919790492968
"L3+ Agent Subset","Cognitive/Code Complexity",0,0.13526621055237,0.0656128210790411,0.00666508123744947,0.263867339867291,TRUE,14.4841512680033
"L3+ Agent Subset","Cognitive/Code Complexity",1,0.178430176047034,0.0844904939140415,0.0128288079755128,0.344031544118556,TRUE,19.5339417036308
"L3+ Agent Subset","Cognitive/Code Complexity",2,0.157374321724343,0.0972681721910675,-0.0332712957701493,0.348019939218835,FALSE,17.0433650654805
"L3+ Agent Subset","Cognitive/Code Complexity",3,0.17340967265155,0.102081944841965,-0.0266709392387002,0.373490284541801,FALSE,18.9353250791964
"L3+ Agent Subset","Cognitive/Code Complexity",4,0.243878773016161,0.0960834369841363,0.0555552365272537,0.432202309505068,TRUE,27.6189612494117
"L3+ Agent Subset","Cognitive/Code Complexity",5,0.322231809175065,0.106835448955684,0.112834329221924,0.531629289128206,TRUE,38.0204682986106
"L3+ Agent Subset","Cognitive/Code Complexity",6,0.223480487833126,0.116331437903006,-0.00452913045676576,0.451490106123017,FALSE,25.0421241610501
